ID,Internal_id,germinated,total,non_germinated,rate,Source_name,name,Parents_id,Amplification_round_starting,Admixture_internal,Admixture_as_database,Latitude,Longitude,iso_alpha,Temperature,Data_germination_filtered_for_viability,sequencer,short_name,Collector,Accession_ID,bio1,bio2,bio3,bio4,bio5,bio6,bio7,bio8,bio9,bio10,bio11,bio12,bio13,bio14,bio15,bio16,bio17,bio18,bio19
10005,2021-0694,48,48,0,1,A. thaliana,ICE63 / Copac-1,2017-264,9.2021,Central Europe,central_europe,46.11,21.95,ROU,20degree_LD,NA,MPI,,,CS76420,10.2,9.9,3.1,766.2,26.5,-4.8,31.3,18.1,1.3,19.6,-0.1,639,92,36,30,232,115,218,131
10017,2021-0720,93,93,0,1,A. thaliana,ICE21 / Petro-1,2017-263,9.2021,Central Europe,central_europe,44.34,21.46,SRB,20degree_LD,NA,MPI,,,CS76370,10.8,9.8,3.2,739.1,27.3,-3.3,30.6,18.2,2.5,19.8,0.8,671,86,42,24,231,130,208,142
1002,2021-0682,54,54,0,1,A. thaliana,Ale-Stenar-64-24,2017-351,9.2021,Sweden,south_sweden,55.38,14.05,SWE,20degree_LD,NA,GMI,Ales Stenar,Jon Ågren,CS76654,7.9,5.5,2.4,610.8,20,-2.2,22.2,15.4,2.4,15.9,0.5,585,63,32,21,180,103,168,136
1061,2021-0691,65,65,0,1,A. thaliana,Brösarp-11-135,2017-352,9.2021,Sweden,south_sweden,55.72,14.13,SWE,20degree_LD,NA,GMI,Brösarp,Jon Ågren,CS76727,7.4,5.7,2.5,615,19.7,-2.8,22.5,14.9,1.9,15.5,0,623,69,35,21,191,111,179,147
1062,2021-0609,62,62,0,1,A. thaliana,Brösarp-15-138,2017-153,9.2021,Sweden,south_sweden,55.72,14.13,SWE,20degree_LD,NA,GMI,Brösarp,Jon Ågren,CS76728,7.4,5.7,2.5,615,19.7,-2.8,22.5,14.9,1.9,15.5,0,623,69,35,21,191,111,179,147
1063,2021-0610,59,59,0,1,A. thaliana,Brösarp-21-140,2017-154,9.2021,Sweden,south_sweden,55.72,14.13,SWE,20degree_LD,NA,GMI,Brösarp,Jon Ågren,CS76729,7.4,5.7,2.5,615,19.7,-2.8,22.5,14.9,1.9,15.5,0,623,69,35,21,191,111,179,147
1066,2021-0611,45,45,0,1,A. thaliana,Brösarp-34-145,2017-155,9.2021,Sweden,south_sweden,55.72,14.13,SWE,20degree_LD,NA,GMI,Brösarp,Jon Ågren,CS76730,7.4,5.7,2.5,615,19.7,-2.8,22.5,14.9,1.9,15.5,0,623,69,35,21,191,111,179,147
108,2021-0788,68,68,0,1,A. thaliana,LDV-18,"108  (Almudena Molla Morales, Austria)",9.2021,Western Europe,western_europe,48.52,-4.07,FRA,20degree_LD,NA,Monsanto,LDV,Valerie Le Corre,CS77013,10.9,6.3,3.7,379.7,20,3.3,16.7,7.1,15.6,15.8,6.2,1045,133,46,31,376,160,187,361
115930,2021-0757,71,71,0,1,A. thaliana,All1-2,2017-291,9.2021,Western Europe,western_europe,45.26,1.48,FRA,20degree_LD,NA,NA,NA,NA,NA,12.1,10.6,4.1,548.6,26.3,0.6,25.7,5.9,19.1,19.1,4.9,896,92,55,12,251,205,205,243
115932,2021-0758,55,55,0,1,A. thaliana,All1-4,2017-292,9.2021,Western Europe,western_europe,45.26,1.48,FRA,20degree_LD,NA,NA,NA,NA,NA,12.1,10.6,4.1,548.6,26.3,0.6,25.7,5.9,19.1,19.1,4.9,896,92,55,12,251,205,205,243
115936,2021-0753,90,90,0,1,A. thaliana,All1-8,2017-287,9.2021,Western Europe,western_europe,45.26,1.48,FRA,20degree_LD,NA,NA,NA,NA,NA,12.1,10.6,4.1,548.6,26.3,0.6,25.7,5.9,19.1,19.1,4.9,896,92,55,12,251,205,205,243
115938,2021-0759,63,63,0,1,A. thaliana,All2-1,2017-293,9.2021,Western Europe,western_europe,45.26,1.48,FRA,20degree_LD,NA,NA,NA,NA,NA,12.1,10.6,4.1,548.6,26.3,0.6,25.7,5.9,19.1,19.1,4.9,896,92,55,12,251,205,205,243
115942,2021-0760,73,73,0,1,A. thaliana,All2-5,2017-294,9.2021,Western Europe,western_europe,45.26,1.48,FRA,20degree_LD,NA,NA,NA,NA,NA,12.1,10.6,4.1,548.6,26.3,0.6,25.7,5.9,19.1,19.1,4.9,896,92,55,12,251,205,205,243
115944,2021-0754,61,61,0,1,A. thaliana,Cam-10,2017-288,9.2021,Western Europe,western_europe,48.28,-4.6,FRA,20degree_LD,NA,NA,NA,NA,NA,11.3,6.3,3.9,355.8,20,3.9,16.1,7.7,15.7,15.9,6.8,1100,140,47,32,399,169,199,378
115946,2021-0761,84,84,0,1,A. thaliana,Cam-11,2017-295,9.2021,Western Europe,western_europe,48.28,-4.6,FRA,20degree_LD,NA,NA,NA,NA,NA,11.3,6.3,3.9,355.8,20,3.9,16.1,7.7,15.7,15.9,6.8,1100,140,47,32,399,169,199,378
115948,2021-0748,75,75,0,1,A. thaliana,Cam-2,2017-282,9.2021,Western Europe,western_europe,48.28,-4.6,FRA,20degree_LD,NA,NA,NA,NA,NA,11.3,6.3,3.9,355.8,20,3.9,16.1,7.7,15.7,15.9,6.8,1100,140,47,32,399,169,199,378
115950,2021-0749,66,66,0,1,A. thaliana,Cam-6,2017-283,9.2021,Western Europe,western_europe,48.28,-4.6,FRA,20degree_LD,NA,NA,NA,NA,NA,11.3,6.3,3.9,355.8,20,3.9,16.1,7.7,15.7,15.9,6.8,1100,140,47,32,399,169,199,378
115952,2021-0762,54,55,1,0.981818182,A. thaliana,Cam-8,2017-296,9.2021,Western Europe,western_europe,48.28,-4.6,FRA,20degree_LD,NA,NA,NA,NA,NA,11.3,6.3,3.9,355.8,20,3.9,16.1,7.7,15.7,15.9,6.8,1100,140,47,32,399,169,199,378
115954,2021-0738,92,94,2,0.978723404,A. thaliana,Cla-3,2017-272,9.2021,Western Europe,western_europe,48.8,2.26,FRA,20degree_LD,NA,NA,NA,NA,NA,10.9,8.2,3.5,560.5,24,0.6,23.4,11.3,7.1,18,3.6,648,60,45,8,172,142,162,159
115958,2021-0739,57,57,0,1,A. thaliana,Cla-6,2017-273,9.2021,Western Europe,western_europe,48.8,2.26,FRA,20degree_LD,NA,NA,NA,NA,NA,10.9,8.2,3.5,560.5,24,0.6,23.4,11.3,7.1,18,3.6,648,60,45,8,172,142,162,159
115962,2021-0737,86,86,0,1,A. thaliana,Cur-2,2017-270,9.2021,Western Europe,western_europe,45,1.74,FRA,20degree_LD,NA,NA,NA,NA,NA,11.5,10.5,4,551.4,25.7,0,25.7,13.9,7.8,18.5,4.3,865,88,56,12,231,194,209,221
115962,2021-0763,58,59,1,0.983050847,A. thaliana,Cur-5,2017-297,9.2021,Western Europe,western_europe,45,1.74,FRA,20degree_LD,NA,NA,NA,NA,NA,11.5,10.5,4,551.4,25.7,0,25.7,13.9,7.8,18.5,4.3,865,88,56,12,231,194,209,221
115968,2021-0744,52,52,0,1,A. thaliana,Fet-6,2017-278,9.2021,Western Europe,western_europe,47.2,4.17,FRA,20degree_LD,NA,NA,NA,NA,NA,9.5,7.8,3.2,596,22.6,-1.6,24.2,2.8,5.6,17,1.6,852,83,57,13,235,181,222,222
115972,2021-0751,44,45,1,0.977777778,A. thaliana,Lac-2,2017-285,9.2021,Western Europe,western_europe,47.7,6.82,FRA,20degree_LD,NA,NA,NA,NA,NA,8.1,8.5,3.2,624.6,22.3,-3.5,25.8,1.1,3.9,16,0,1095,106,75,11,303,244,295,289
115974,2021-0752,59,59,0,1,A. thaliana,Lac-7,2017-286,9.2021,Western Europe,western_europe,47.7,6.82,FRA,20degree_LD,NA,NA,NA,NA,NA,8.1,8.5,3.2,624.6,22.3,-3.5,25.8,1.1,3.9,16,0,1095,106,75,11,303,244,295,289
115976,2021-0746,87,87,0,1,A. thaliana,Ldv-1,2017-280,9.2021,Western Europe,western_europe,48.51,-4.07,FRA,20degree_LD,NA,NA,NA,NA,NA,10.9,6.3,3.7,379.7,20,3.3,16.7,7.1,15.6,15.8,6.2,1045,133,46,31,376,160,187,361
115980,2021-0755,103,103,0,1,A. thaliana,Ldv-2,2017-289,9.2021,Western Europe,western_europe,48.51,-4.07,FRA,20degree_LD,NA,NA,NA,NA,NA,10.9,6.3,3.7,379.7,20,3.3,16.7,7.1,15.6,15.8,6.2,1045,133,46,31,376,160,187,361
115992,2021-0750,92,92,0,1,A. thaliana,Mib-9,2017-284,9.2021,Western Europe,western_europe,47.33,5.32,FRA,20degree_LD,NA,NA,NA,NA,NA,10.7,8.9,3.3,635.2,25.1,-1.3,26.4,15.4,6.8,18.7,2.3,793,78,53,13,212,167,208,190
115994,2021-0740,98,101,3,0.97029703,A. thaliana,Mog-1,2017-274,9.2021,Western Europe,western_europe,48.67,-4.06,FRA,20degree_LD,NA,NA,NA,NA,NA,11.2,6.3,3.7,380.4,20.2,3.6,16.6,7.4,15.9,16.1,6.5,1002,127,45,32,359,153,180,346
115996,2021-0741,48,49,1,0.979591837,A. thaliana,Mog-11,2017-275,9.2021,Western Europe,western_europe,48.67,-4.06,FRA,20degree_LD,NA,NA,NA,NA,NA,11.2,6.3,3.7,380.4,20.2,3.6,16.6,7.4,15.9,16.1,6.5,1002,127,45,32,359,153,180,346
116004,2021-0742,97,99,2,0.97979798,A. thaliana,Par-10,2017-276,9.2021,Western Europe,western_europe,46.65,0.25,FRA,20degree_LD,NA,NA,NA,NA,NA,11.3,9.2,3.8,539.3,24.7,0.7,24,5.3,18.2,18.2,4.3,737,78,47,14,220,154,154,204
116006,2021-0743,80,80,0,1,A. thaliana,Par-13,2017-277,9.2021,Western Europe,western_europe,46.65,0.25,FRA,20degree_LD,NA,NA,NA,NA,NA,11.3,9.2,3.8,539.3,24.7,0.7,24,5.3,18.2,18.2,4.3,737,78,47,14,220,154,154,204
116008,2021-0745,112,112,0,1,A. thaliana,Par-3,2017-279,9.2021,Western Europe,western_europe,46.65,0.25,FRA,20degree_LD,NA,NA,NA,NA,NA,11.3,9.2,3.8,539.3,24.7,0.7,24,5.3,18.2,18.2,4.3,737,78,47,14,220,154,154,204
116012,2021-0747,69,69,0,1,A. thaliana,Pyl-1,2017-281,9.2021,Western Europe,western_europe,44.65,-1.17,FRA,20degree_LD,NA,NA,NA,NA,NA,12.9,9.2,4,488,25.1,2.6,22.5,7.6,19.1,19.1,6.6,1121,132,58,23,367,211,239,338
116014,2021-0764,85,85,0,1,A. thaliana,Pyl-3,2017-298,9.2021,Western Europe,western_europe,44.65,-1.17,FRA,20degree_LD,NA,NA,NA,NA,NA,12.9,9.2,4,488,25.1,2.6,22.5,7.6,19.1,19.1,6.6,1121,132,58,23,367,211,239,338
116026,2021-0756,77,79,2,0.974683544,A. thaliana,Vou-9,2017-290,9.2021,Western Europe,western_europe,46.65,0.17,FRA,20degree_LD,NA,NA,NA,NA,NA,11.3,9.2,3.8,539.3,24.7,0.7,24,5.3,18.2,18.2,4.3,737,78,47,14,220,154,154,204
139,2021-0549,105,107,2,0.981308411,A. thaliana,LDV-46,2017-049,9.2021,Western Europe,western_europe,48.52,-4.07,FRA,20degree_LD,NA,Monsanto,LDV,Valerie Le Corre,CS77014,10.9,6.3,3.7,379.7,20,3.3,16.7,7.1,15.6,15.8,6.2,1045,133,46,31,376,160,187,361
139,2021-0789,76,76,0,1,A. thaliana,LDV-46,"139  (Almudena Molla Morales, Austria)",9.2021,Western Europe,western_europe,48.52,-4.07,FRA,20degree_LD,NA,Monsanto,LDV,Valerie Le Corre,CS77014,10.9,6.3,3.7,379.7,20,3.3,16.7,7.1,15.6,15.8,6.2,1045,133,46,31,376,160,187,361
159,2021-0790,58,64,6,0.90625,A. thaliana,MAR2-3,"159  (Almudena Molla Morales, Austria)",9.2021,Western Europe,western_europe,47.35,3.93,FRA,20degree_LD,NA,Monsanto,Mar 02,Valerie Le Corre,CS77070,10.3,8.5,3.4,586.7,23.7,-0.8,24.5,3.6,6.5,17.7,2.5,780,76,52,12,211,167,203,203
1853,2021-0445,45,46,1,0.97826087,A. thaliana,MNF-Pot-21,2015-288,9.2021,Western Europe,germany,43.6,-86.27,USA,20degree_LD,NA,Monsanto,MNF-Potter,Diane Byers,CS77099,7.6,10.8,2.9,923.8,26.9,-9.8,36.7,14.8,-3.6,19.2,-4.6,869,98,38,22,277,155,238,163
1872,2021-0462,66,68,2,0.970588235,A. thaliana,MNF-Pot-75,2015-289,9.2021,Western Europe,germany,43.6,-86.27,USA,20degree_LD,NA,Monsanto,MNF-Potter,Diane Byers,CS77100,7.6,10.8,2.9,923.8,26.9,-9.8,36.7,14.8,-3.6,19.2,-4.6,869,98,38,22,277,155,238,163
1925,2021-0460,57,58,1,0.982758621,A. thaliana,MNF-Che-2,2015-290,9.2021,Western Europe,germany,43.53,-86.18,USA,20degree_LD,NA,Monsanto,MNF-Cherry,Diane Byers,CS77096,7.6,10.8,2.9,923.8,26.9,-9.8,36.7,14.8,-3.6,19.2,-4.6,869,98,38,22,277,155,238,163
1954,2021-0461,98,99,1,0.98989899,A. thaliana,MNF-Jac-12,2015-291,9.2021,Western Europe,germany,43.52,-86.17,USA,20degree_LD,NA,Monsanto,MNF-Jack,Diane Byers,CS77097,7.6,10.8,2.9,923.8,26.9,-9.8,36.7,14.8,-3.6,19.2,-4.6,869,98,38,22,277,155,238,163
2276,2021-0467,65,65,0,1,A. thaliana,SLSP-31,2015-292,9.2021,Western Europe,admixed,43.67,-86.5,USA,20degree_LD,NA,Monsanto,SLSP,Diane Byers,CS77254,7.9,10.1,2.8,909.7,26.5,-9.1,35.6,15.2,-3.2,19.2,-4.1,833,95,37,23,268,146,232,154
350,2021-0791,88,88,0,1,A. thaliana,TOU-A1-88,"350 (Almudena Molla Morales, Austria)",9.2021,Western Europe,western_europe,46.67,4.12,FRA,20degree_LD,NA,Monsanto,TOU-A1,Fabrice Roux,CS77382,10.6,8.4,3.3,599.3,24.2,-0.8,25,18.2,6.7,18.2,2.7,772,82,51,16,218,155,218,176
351,2021-0792,94,96,2,0.979166667,A. thaliana,TOU-A1-89,"351 (Almudena Molla Morales, Austria)",9.2021,Western Europe,western_europe,46.67,4.12,FRA,20degree_LD,NA,Monsanto,TOU-A1,Fabrice Roux,CS77383,10.6,8.4,3.3,599.3,24.2,-0.8,25,18.2,6.7,18.2,2.7,772,82,51,16,218,155,218,176
410,2021-0614,108,108,0,1,A. thaliana,Doubravnik7,2017-177,9.2021,Central Europe,central_europe,49.42,16.35,CZE,20degree_LD,NA,Monsanto,Dou,Marie-Theres Hauser,CS76808,7.4,8.6,3,703.8,22.4,-5.9,28.3,16.1,-0.6,16.1,-1.9,607,86,28,41,245,88,245,92
430,2021-0529,97,98,1,0.989795918,A. thaliana,Gr-1,2017-102,9.2021,Central Europe,central_europe,47,15.5,AUT,20degree_LD,NA,Salk,Graz,Albert Kranz,CS76496,7.8,9.9,3.1,756.8,24.3,-7.2,31.5,17.3,-2.3,17.3,-2.3,891,127,34,42,362,116,362,116
5023,2021-0437,63,63,0,1,A. thaliana,UKSE06-118,2015-293,9.2021,Western Europe,western_europe,51.3,0.5,UK,20degree_LD,NA,Monsanto,East Malling Research Station,Eric Holub,CS78799,10.1,7.6,3.6,479.6,21.8,0.9,20.9,7.5,6.3,16.4,4.2,654,70,40,18,203,137,145,171
5165,2021-0476,75,76,1,0.986842105,A. thaliana,UKSE06-362,2015-294,9.2021,Western Europe,admixed,51.3,0.4,UK,20degree_LD,NA,Monsanto,Wateringbury,Eric Holub,CS78802,10.1,7.6,3.6,479.6,21.8,0.9,20.9,7.5,6.3,16.4,4.2,654,70,40,18,203,137,145,171
5353,2021-0475,96,99,3,0.96969697,A. thaliana,UKNW06-003,2015-295,9.2021,Western Europe,western_europe,54.5,-3,UK,20degree_LD,NA,Monsanto,"Dove Cottage,Wordsworth Trust, nr Grasmere",Eric Holub,CS78792,6.8,7,3.6,452.4,17.5,-1.8,19.3,2,8.8,12.7,1.2,1246,138,74,22,400,230,268,356
5830,2021-0605,117,118,1,0.991525424,A. thaliana,App1-12,2017-170,9.2021,Sweden,south_sweden,56.33,15.97,SWE,20degree_LD,NA,GMI,App1,Magnus Nordborg,CS76667,7.6,6.2,2.5,648.7,21,-3.1,24.1,15.5,2,16.1,-0.3,548,63,32,21,175,99,160,124
5831,2021-0606,81,82,1,0.987804878,A. thaliana,App1-14,2017-171,9.2021,Sweden,south_sweden,56.33,15.97,SWE,20degree_LD,NA,GMI,App1,Magnus Nordborg,CS76668,7.6,6.2,2.5,648.7,21,-3.1,24.1,15.5,2,16.1,-0.3,548,63,32,21,175,99,160,124
5832,2021-0607,86,86,0,1,A. thaliana,App1-16,2017-172,9.2021,Sweden,south_sweden,56.33,15.97,SWE,20degree_LD,NA,GMI,App1,Magnus Nordborg,CS76669,7.6,6.2,2.5,648.7,21,-3.1,24.1,15.5,2,16.1,-0.3,548,63,32,21,175,99,160,124
5865,2021-0433,92,95,3,0.968421053,A. thaliana,Dra1-4,2015-014,9.2021,Sweden,south_sweden,55.76,14.12,SWE,20degree_LD,NA,GMI,Dra1,Magnus Nordborg,CS76809,7.4,5.7,2.5,615,19.7,-2.8,22.5,14.9,1.9,15.5,0,623,69,35,21,191,111,179,147
5867,2021-0440,88,89,1,0.988764045,A. thaliana,Dra2-1,2015-119,9.2021,Sweden,south_sweden,55.76,14.12,SWE,20degree_LD,NA,GMI,Dra2,Magnus Nordborg,CS76810,7.4,5.7,2.5,615,19.7,-2.8,22.5,14.9,1.9,15.5,0,623,69,35,21,191,111,179,147
5907,2021-0615,42,43,1,0.976744186,A. thaliana,DraIV 2-9,2017-176,9.2021,Central Europe,central_europe,49.41,16.28,CZE,20degree_LD,NA,Monsanto,DraIV 2,Jirina Relichov,CS76818,7.3,8.6,3,698.7,22.2,-5.9,28.1,15.9,-0.7,15.9,-2,623,87,30,40,250,93,250,96
6013,2021-0502,69,72,3,0.958333333,A. thaliana,Eden-9,2016-948,9.2021,Sweden,north_sweden,62.88,18.18,SWE,20degree_LD,NA,GMI,Eden,Magnus Nordborg,CS76830,3.2,8.3,2.4,866.2,20.5,-12.8,33.3,13.3,-3.4,14.6,-7.8,651,74,38,24,207,117,185,146
6019,2021-0617,57,58,1,0.982758621,A. thaliana,Fjä1-2,2017-241,9.2021,Sweden,south_sweden,56.06,14.29,SWE,20degree_LD,NA,GMI,Fjä1,Magnus Nordborg,CS76860,7.7,6.1,2.6,623.8,20.5,-2.8,23.3,15.3,2.3,16,0.2,602,69,34,21,188,106,174,141
6020,2021-0618,77,77,0,1,A. thaliana,Fjä1-5,2017-242,9.2021,Sweden,south_sweden,56.06,14.29,SWE,20degree_LD,NA,GMI,Fjä1,Magnus Nordborg,CS76861,7.7,6.1,2.6,623.8,20.5,-2.8,23.3,15.3,2.3,16,0.2,602,69,34,21,188,106,174,141
6023,2021-0525,92,92,0,1,A. thaliana,Fly2-1,2017-138,9.2021,Sweden,south_sweden,55.75,13.37,SWE,20degree_LD,NA,GMI,Fly2,Magnus Nordborg,CS76863,7.7,6,2.6,618.2,20.1,-2.9,23,15.1,2.3,15.8,0.2,678,70,36,22,204,120,193,163
6024,2021-0526,86,86,0,1,A. thaliana,Fly2-2,2017-139,9.2021,Sweden,south_sweden,55.75,13.37,SWE,20degree_LD,NA,GMI,Fly2,Magnus Nordborg,CS76864,7.7,6,2.6,618.2,20.1,-2.9,23,15.1,2.3,15.8,0.2,678,70,36,22,204,120,193,163
6034,2021-0442,79,79,0,1,A. thaliana,Hov1-7,2015-121,9.2021,Sweden,south_sweden,56.1,13.74,SWE,20degree_LD,NA,GMI,Hov1,Magnus Nordborg,CS76932,7.3,6.2,2.6,623.5,20,-3.4,23.4,14.8,1.9,15.5,-0.2,695,75,39,21,213,123,200,167
6035,2021-0621,80,82,2,0.975609756,A. thaliana,Hov1-10,2017-236,9.2021,Sweden,south_sweden,56.1,13.74,SWE,20degree_LD,NA,GMI,Hov1,Magnus Nordborg,CS76931,7.3,6.2,2.6,623.5,20,-3.4,23.4,14.8,1.9,15.5,-0.2,695,75,39,21,213,123,200,167
6036,2021-0622,106,106,0,1,A. thaliana,Hov3-2,2017-239,9.2021,Sweden,south_sweden,56.1,13.74,SWE,20degree_LD,NA,GMI,Hov3,Magnus Nordborg,CS76934,7.3,6.2,2.6,623.5,20,-3.4,23.4,14.8,1.9,15.5,-0.2,695,75,39,21,213,123,200,167
6038,2021-0623,96,96,0,1,A. thaliana,Hov3-5,2017-237,9.2021,Sweden,south_sweden,56.1,13.74,SWE,20degree_LD,NA,GMI,Hov3,Magnus Nordborg,CS76935,7.3,6.2,2.6,623.5,20,-3.4,23.4,14.8,1.9,15.5,-0.2,695,75,39,21,213,123,200,167
6039,2021-0624,76,77,1,0.987012987,A. thaliana,Hovdala-2,2017-234,9.2021,Sweden,admixed,56.1,13.74,SWE,20degree_LD,NA,GMI,Hovdala,Torbjorn Sall,CS76937,7.3,6.2,2.6,623.5,20,-3.4,23.4,14.8,1.9,15.5,-0.2,695,75,39,21,213,123,200,167
6040,2021-0547,85,86,1,0.988372093,A. thaliana,Kni-1,2017-097,9.2021,Sweden,south_sweden,55.66,13.4,SWE,20degree_LD,NA,GMI,Kni1,Magnus Nordborg,CS76970,7.7,6,2.6,613.8,20,-2.8,22.8,15.1,2.3,15.7,0.3,669,68,35,21,199,120,188,163
6041,2021-0553,98,98,0,1,A. thaliana,Lis-3,2017-073,9.2021,Sweden,south_sweden,56.03,14.78,SWE,20degree_LD,NA,GMI,Lis,Magnus Nordborg,CS77044,7.8,6,2.5,622.9,20.7,-2.6,23.3,15.4,2.3,16,0.3,579,65,33,21,179,104,163,136
6073,2021-0718,79,82,3,0.963414634,A. thaliana,ÖMö1-7,2017-346,9.2021,Sweden,south_sweden,56.15,15.82,SWE,20degree_LD,NA,GMI,ÖMö1,Magnus Nordborg,CS77147,7.8,6.1,2.5,643.3,21.1,-2.8,23.9,15.7,2.2,16.3,0,549,62,32,21,174,99,157,125
6074,2021-0463,56,56,0,1,A. thaliana,Ör-1,2015-319,9.2021,Sweden,south_sweden,56.46,16.13,SWE,20degree_LD,NA,GMI,Örrevet,Magnus Nordborg,CS77150,7.7,6.3,2.5,651.7,21.3,-3.2,24.5,15.6,2.1,16.2,-0.3,526,62,31,22,170,94,155,118
6076,2021-0493,54,55,1,0.981818182,A. thaliana,Rev-2,2016-049,9.2021,Sweden,south_sweden,55.69,13.45,SWE,20degree_LD,NA,GMI,Rev2,Magnus Nordborg,CS77215,7.7,6,2.6,618.2,20.1,-2.9,23,15.1,2.3,15.8,0.2,678,70,36,22,204,120,193,163
6085,2021-0567,76,79,3,0.962025316,A. thaliana,Sparta-1,2017-127,9.2021,Sweden,south_sweden,55.71,13.21,SWE,20degree_LD,NA,GMI,Sparta (Student corridor),Magnus Nordborg,CS77260,7.8,6.1,2.6,618,20.2,-2.9,23.1,15.2,2.4,15.9,0.3,665,69,35,22,203,117,191,157
6088,2021-0436,90,91,1,0.989010989,A. thaliana,Stu1-1,2015-016,9.2021,Sweden,south_sweden,56.47,16.13,SWE,20degree_LD,NA,GMI,Stu1,Magnus Nordborg,CS77285,7.7,6.3,2.5,651.7,21.3,-3.2,24.5,15.6,2.1,16.2,-0.3,526,62,31,22,170,94,155,118
6090,2021-0449,83,85,2,0.976470588,A. thaliana,T1000,2015-122,9.2021,Sweden,south_sweden,55.65,13.22,SWE,20degree_LD,NA,GMI,Staff 2,Mattias Jakobsson,CS77288,7.9,6,2.6,615.5,20.2,-2.6,22.8,15.3,2.5,15.9,0.4,647,67,35,21,195,116,184,154
6092,2021-0470,70,72,2,0.972222222,A. thaliana,T1020,2015-322,9.2021,Sweden,south_sweden,55.65,13.22,SWE,20degree_LD,NA,GMI,Staff 6,Mattias Jakobsson,CS77289,7.9,6,2.6,615.5,20.2,-2.6,22.8,15.3,2.5,15.9,0.4,647,67,35,21,195,116,184,154
6094,2021-0495,66,67,1,0.985074627,A. thaliana,T1040,2016-051,9.2021,Sweden,south_sweden,55.65,13.21,SWE,20degree_LD,NA,GMI,Staff 4,Mattias Jakobsson,CS77290,7.9,6,2.6,615.5,20.2,-2.6,22.8,15.3,2.5,15.9,0.4,647,67,35,21,195,116,184,154
6097,2021-0569,75,76,1,0.986842105,A. thaliana,T1070,2017-129,9.2021,Sweden,south_sweden,55.65,13.23,SWE,20degree_LD,NA,GMI,Staff 9,Mattias Jakobsson,CS77291,7.9,6,2.6,615.5,20.2,-2.6,22.8,15.3,2.5,15.9,0.4,647,67,35,21,195,116,184,154
6098,2021-0471,88,88,0,1,A. thaliana,T1080,2015-325,9.2021,Sweden,south_sweden,55.66,13.22,SWE,20degree_LD,NA,GMI,Staff 11,Mattias Jakobsson,CS77292,7.9,6,2.6,615.5,20.2,-2.6,22.8,15.3,2.5,15.9,0.4,647,67,35,21,195,116,184,154
6100,2021-0570,104,104,0,1,A. thaliana,T1110,2017-091,9.2021,Sweden,south_sweden,55.6,13.2,SWE,20degree_LD,NA,GMI,Staff 17,Mattias Jakobsson,CS77294,7.9,6,2.6,615.5,20.2,-2.6,22.8,15.3,2.5,15.9,0.4,647,67,35,21,195,116,184,154
6104,2021-0571,52,52,0,1,A. thaliana,T1160,2017-092,9.2021,Sweden,south_sweden,55.7,13.2,SWE,20degree_LD,NA,GMI,Lund 16,Mattias Jakobsson,CS77296,7.8,6.1,2.6,618,20.2,-2.9,23.1,15.2,2.4,15.9,0.3,665,69,35,22,203,117,191,157
6105,2021-0572,59,59,0,1,A. thaliana,T450,2017-123,9.2021,Sweden,south_sweden,55.8,13.12,SWE,20degree_LD,NA,GMI,Kävlinge 6,Mattias Jakobsson,CS77297,7.9,6.1,2.6,618.5,20.3,-2.8,23.1,15.3,2.6,16,0.5,643,68,34,22,199,113,187,149
6106,2021-0573,64,64,0,1,A. thaliana,T460,2017-121,9.2021,Sweden,south_sweden,55.79,13.12,SWE,20degree_LD,NA,GMI,Kävlinge 8,Mattias Jakobsson,CS77298,7.9,6.1,2.6,618.5,20.3,-2.8,23.1,15.3,2.6,16,0.5,643,68,34,22,199,113,187,149
6107,2021-0574,70,72,2,0.972222222,A. thaliana,T470,2017-125,9.2021,Sweden,south_sweden,55.79,13.12,SWE,20degree_LD,NA,GMI,Kävlinge 9,Mattias Jakobsson,CS77299,7.9,6.1,2.6,618.5,20.3,-2.8,23.1,15.3,2.6,16,0.5,643,68,34,22,199,113,187,149
6108,2021-0774,82,85,3,0.964705882,A. thaliana,T480,2015-609,9.2021,Central Europe,western_europe,55.8,13.12,SWE,20degree_LD,NA,GMI,Kävlinge 3,Mattias Jakobsson,CS77300,7.9,6.1,2.6,618.5,20.3,-2.8,23.1,15.3,2.6,16,0.5,643,68,34,22,199,113,187,149
6109,2021-0509,76,77,1,0.987012987,A. thaliana,T510,2016-974,9.2021,Sweden,south_sweden,55.79,13.12,SWE,20degree_LD,NA,GMI,Kävlinge 7,Mattias Jakobsson,CS77301,7.9,6.1,2.6,618.5,20.3,-2.8,23.1,15.3,2.6,16,0.5,643,68,34,22,199,113,187,149
6111,2021-0775,96,96,0,1,A. thaliana,T530,2015-121,9.2021,Sweden,south_sweden,55.8,13.12,SWE,20degree_LD,NA,GMI,Kävlinge 1,Mattias Jakobsson,CS77302,7.9,6.1,2.6,618.5,20.3,-2.8,23.1,15.3,2.6,16,0.5,643,68,34,22,199,113,187,149
6112,2021-0575,77,78,1,0.987179487,A. thaliana,T540,2017-120,9.2021,Sweden,south_sweden,55.8,13.1,SWE,20degree_LD,NA,GMI,Kävlinge 10,Mattias Jakobsson,CS77303,7.9,6.1,2.6,618.5,20.3,-2.8,23.1,15.3,2.6,16,0.5,643,68,34,22,199,113,187,149
6113,2021-0450,45,46,1,0.97826087,A. thaliana,T550,2015-336,9.2021,Sweden,south_sweden,55.81,13.1,SWE,20degree_LD,NA,GMI,Kävlinge 11,Mattias Jakobsson,CS77304,7.9,6.1,2.6,618.5,20.3,-2.8,23.1,15.3,2.6,16,0.5,643,68,34,22,199,113,187,149
6114,2021-0576,53,55,2,0.963636364,A. thaliana,T570,2017-126,9.2021,Sweden,south_sweden,55.81,13.13,SWE,20degree_LD,NA,GMI,Kävlinge 13,Mattias Jakobsson,CS77305,7.9,6.1,2.6,618.5,20.3,-2.8,23.1,15.3,2.6,16,0.5,643,68,34,22,199,113,187,149
6118,2021-0577,60,60,0,1,A. thaliana,T610,2017-093,9.2021,Sweden,south_sweden,55.7,13.2,SWE,20degree_LD,NA,GMI,Öresundsv,Mattias Jakobsson,CS77307,7.8,6.1,2.6,618,20.2,-2.9,23.1,15.2,2.4,15.9,0.3,665,69,35,22,203,117,191,157
6122,2021-0578,98,99,1,0.98989899,A. thaliana,T670,2017-134,9.2021,Sweden,south_sweden,55.84,13.31,SWE,20degree_LD,NA,GMI,Eslöv 7,Mattias Jakobsson,CS77308,7.5,6.2,2.6,620.8,20,-3.4,23.4,14.9,2.1,15.6,0,702,73,38,22,215,124,202,167
6125,2021-0579,114,114,0,1,A. thaliana,T710,2017-135,9.2021,Sweden,south_sweden,55.84,13.31,SWE,20degree_LD,NA,GMI,Eslöv 5,Mattias Jakobsson,CS77310,7.5,6.2,2.6,620.8,20,-3.4,23.4,14.9,2.1,15.6,0,702,73,38,22,215,124,202,167
6126,2021-0580,64,65,1,0.984615385,A. thaliana,T720,2017-133,9.2021,Sweden,south_sweden,55.84,13.3,SWE,20degree_LD,NA,GMI,Eslöv 6,Mattias Jakobsson,CS77311,7.5,6.2,2.6,620.8,20,-3.4,23.4,14.9,2.1,15.6,0,702,73,38,22,215,124,202,167
6128,2021-0581,78,78,0,1,A. thaliana,T740,2017-130,9.2021,Sweden,south_sweden,55.84,13.29,SWE,20degree_LD,NA,GMI,Eslöv 13,Mattias Jakobsson,CS77313,7.5,6.2,2.6,620.8,20,-3.4,23.4,14.9,2.1,15.6,0,702,73,38,22,215,124,202,167
6131,2021-0582,67,67,0,1,A. thaliana,T780,2017-136,9.2021,Sweden,south_sweden,55.84,13.32,SWE,20degree_LD,NA,GMI,Eslöv 14,Mattias Jakobsson,CS77315,7.5,6.2,2.6,620.8,20,-3.4,23.4,14.9,2.1,15.6,0,702,73,38,22,215,124,202,167
6132,2021-0583,83,84,1,0.988095238,A. thaliana,T790,2017-137,9.2021,Sweden,south_sweden,55.84,13.32,SWE,20degree_LD,NA,GMI,Eslöv 17,Mattias Jakobsson,CS77316,7.5,6.2,2.6,620.8,20,-3.4,23.4,14.9,2.1,15.6,0,702,73,38,22,215,124,202,167
6133,2021-0584,96,96,0,1,A. thaliana,T800,2017-131,9.2021,Sweden,south_sweden,55.84,13.29,SWE,20degree_LD,NA,GMI,Eslöv 16,Mattias Jakobsson,CS77317,7.5,6.2,2.6,620.8,20,-3.4,23.4,14.9,2.1,15.6,0,702,73,38,22,215,124,202,167
6134,2021-0585,80,80,0,1,A. thaliana,T810,2017-132,9.2021,Sweden,south_sweden,55.84,13.29,SWE,20degree_LD,NA,GMI,Eslöv 15,Mattias Jakobsson,CS77318,7.5,6.2,2.6,620.8,20,-3.4,23.4,14.9,2.1,15.6,0,702,73,38,22,215,124,202,167
6136,2021-0586,68,69,1,0.985507246,A. thaliana,T840,2017-145,9.2021,Sweden,south_sweden,55.93,13.55,SWE,20degree_LD,NA,GMI,Höör 3,Mattias Jakobsson,CS77319,7.4,6.1,2.6,618.9,19.9,-3.3,23.2,14.8,2,15.5,-0.1,696,73,38,21,212,124,199,167
6137,2021-0496,57,57,0,1,A. thaliana,T850,2016-950,9.2021,Spain,south_sweden,55.94,13.56,SWE,20degree_LD,NA,GMI,Höör 6,Mattias Jakobsson,CS77320,7.4,6.1,2.6,618.9,19.9,-3.3,23.2,14.8,2,15.5,-0.1,696,73,38,21,212,124,199,167
6138,2021-0587,46,46,0,1,A. thaliana,T860,2017-144,9.2021,Sweden,south_sweden,55.94,13.55,SWE,20degree_LD,NA,GMI,Höör 9,Mattias Jakobsson,CS77321,7.4,6.1,2.6,618.9,19.9,-3.3,23.2,14.8,2,15.5,-0.1,696,73,38,21,212,124,199,167
6140,2021-0588,49,49,0,1,A. thaliana,T880,2017-147,9.2021,Sweden,south_sweden,55.94,13.55,SWE,20degree_LD,NA,GMI,Höör 7,Mattias Jakobsson,CS77322,7.4,6.1,2.6,618.9,19.9,-3.3,23.2,14.8,2,15.5,-0.1,696,73,38,21,212,124,199,167
6142,2021-0731,66,67,1,0.985074627,A. thaliana,T900,2017-353,9.2021,Sweden,south_sweden,55.94,13.56,SWE,20degree_LD,NA,GMI,Höör 5,Mattias Jakobsson,CS77323,7.4,6.1,2.6,618.9,19.9,-3.3,23.2,14.8,2,15.5,-0.1,696,73,38,21,212,124,199,167
6145,2021-0589,96,97,1,0.989690722,A. thaliana,T930,2017-146,9.2021,Sweden,south_sweden,55.95,13.55,SWE,20degree_LD,NA,GMI,Höör 11,Mattias Jakobsson,CS77324,7.4,6.1,2.6,618.9,19.9,-3.3,23.2,14.8,2,15.5,-0.1,696,73,38,21,212,124,199,167
6148,2021-0590,59,59,0,1,A. thaliana,T960,2017-143,9.2021,Sweden,south_sweden,55.93,13.55,SWE,20degree_LD,NA,GMI,Höör 17,Mattias Jakobsson,CS77325,7.4,6.1,2.6,618.9,19.9,-3.3,23.2,14.8,2,15.5,-0.1,696,73,38,21,212,124,199,167
6149,2021-0472,154,154,0,1,A. thaliana,T970,2015-356,9.2021,Sweden,south_sweden,55.93,13.55,SWE,20degree_LD,NA,GMI,Höör 16,Mattias Jakobsson,CS77326,7.4,6.1,2.6,618.9,19.9,-3.3,23.2,14.8,2,15.5,-0.1,696,73,38,21,212,124,199,167
6150,2021-0591,76,76,0,1,A. thaliana,T980,2017-142,9.2021,Sweden,south_sweden,55.93,13.53,SWE,20degree_LD,NA,GMI,Höör 15,Mattias Jakobsson,CS77327,7.4,6.1,2.6,618.9,19.9,-3.3,23.2,14.8,2,15.5,-0.1,696,73,38,21,212,124,199,167
6151,2021-0592,65,66,1,0.984848485,A. thaliana,T990,2017-128,9.2021,Sweden,south_sweden,55.65,13.22,SWE,20degree_LD,NA,GMI,Staff 3,Mattias Jakobsson,CS77328,7.9,6,2.6,615.5,20.2,-2.6,22.8,15.3,2.5,15.9,0.4,647,67,35,21,195,116,184,154
6173,2021-0501,88,89,1,0.988764045,A. thaliana,TÅD 05,2016-952,9.2021,Sweden,north_sweden,62.87,18.34,SWE,20degree_LD,NA,GMI,TÅD,Mattias Jakobsson,CS77336,3.2,8.3,2.4,868.4,20.6,-12.8,33.4,13.4,-3.4,14.6,-7.8,642,74,37,25,205,114,183,144
6188,2021-0664,63,63,0,1,A. thaliana,TDr-1,2017-162,9.2021,Sweden,south_sweden,55.77,14.14,SWE,20degree_LD,NA,GMI,TDr,Mattias Jakobsson,CS77345,7.4,5.7,2.5,615,19.7,-2.8,22.5,14.9,1.9,15.5,0,623,69,35,21,191,111,179,147
6189,2021-0668,58,58,0,1,A. thaliana,TDr-2,2017-161,9.2021,Sweden,south_sweden,55.77,14.14,SWE,20degree_LD,NA,GMI,TDr,Mattias Jakobsson,CS77351,7.4,5.7,2.5,615,19.7,-2.8,22.5,14.9,1.9,15.5,0,623,69,35,21,191,111,179,147
6191,2021-0669,77,77,0,1,A. thaliana,TDr-4,2017-160,9.2021,Sweden,south_sweden,55.77,14.14,SWE,20degree_LD,NA,GMI,TDr,Mattias Jakobsson,CS77352,7.4,5.7,2.5,615,19.7,-2.8,22.5,14.9,1.9,15.5,0,623,69,35,21,191,111,179,147
6192,2021-0670,80,82,2,0.975609756,A. thaliana,TDr-5,2017-159,9.2021,Sweden,south_sweden,55.77,14.14,SWE,20degree_LD,NA,GMI,TDr,Mattias Jakobsson,CS77353,7.4,5.7,2.5,615,19.7,-2.8,22.5,14.9,1.9,15.5,0,623,69,35,21,191,111,179,147
6193,2021-0671,76,78,2,0.974358974,A. thaliana,TDr-7,2017-158,9.2021,Sweden,south_sweden,55.77,14.13,SWE,20degree_LD,NA,GMI,TDr,Mattias Jakobsson,CS77354,7.4,5.7,2.5,615,19.7,-2.8,22.5,14.9,1.9,15.5,0,623,69,35,21,191,111,179,147
6194,2021-0672,69,69,0,1,A. thaliana,TDr-8,2017-157,9.2021,Sweden,south_sweden,55.77,14.13,SWE,20degree_LD,NA,GMI,TDr,Mattias Jakobsson,CS77355,7.4,5.7,2.5,615,19.7,-2.8,22.5,14.9,1.9,15.5,0,623,69,35,21,191,111,179,147
6195,2021-0673,95,96,1,0.989583333,A. thaliana,TDr-9,2017-156,9.2021,Sweden,south_sweden,55.77,14.13,SWE,20degree_LD,NA,GMI,TDr,Mattias Jakobsson,CS77356,7.4,5.7,2.5,615,19.7,-2.8,22.5,14.9,1.9,15.5,0,623,69,35,21,191,111,179,147
6198,2021-0665,74,74,0,1,A. thaliana,TDr-13,2017-152,9.2021,Sweden,south_sweden,55.77,14.13,SWE,20degree_LD,NA,GMI,TDr,Mattias Jakobsson,CS77347,7.4,5.7,2.5,615,19.7,-2.8,22.5,14.9,1.9,15.5,0,623,69,35,21,191,111,179,147
6201,2021-0510,133,133,0,1,A. thaliana,TDr-16,2016-727,9.2021,Sweden,south_sweden,55.77,14.12,SWE,20degree_LD,NA,GMI,TDr,Mattias Jakobsson,CS77348,7.4,5.7,2.5,615,19.7,-2.8,22.5,14.9,1.9,15.5,0,623,69,35,21,191,111,179,147
6202,2021-0666,67,67,0,1,A. thaliana,TDr-17,2017-150,9.2021,Sweden,south_sweden,55.77,14.12,SWE,20degree_LD,NA,GMI,TDr,Mattias Jakobsson,CS77349,7.4,5.7,2.5,615,19.7,-2.8,22.5,14.9,1.9,15.5,0,623,69,35,21,191,111,179,147
6203,2021-0667,79,79,0,1,A. thaliana,TDr-18,2017-151,9.2021,Sweden,south_sweden,55.77,14.12,SWE,20degree_LD,NA,GMI,TDr,Mattias Jakobsson,CS77350,7.4,5.7,2.5,615,19.7,-2.8,22.5,14.9,1.9,15.5,0,623,69,35,21,191,111,179,147
6242,2021-0474,93,93,0,1,A. thaliana,Tomegap-2,2015-382,9.2021,Sweden,south_sweden,55.7,13.2,SWE,20degree_LD,NA,GMI,Tomegap,Mattias Jakobsson,CS77377,7.8,6.1,2.6,618,20.2,-2.9,23.1,15.2,2.4,15.9,0.3,665,69,35,22,203,117,191,157
6258,2021-0511,65,65,0,1,A. thaliana,TV-10,2016-975,9.2021,Sweden,admixed,55.58,14.33,SWE,20degree_LD,NA,GMI,TV,Mattias Jakobsson,CS78767,7.7,5.5,2.4,607.7,19.8,-2.3,22.1,15.2,2.2,15.7,0.4,588,64,33,20,180,105,168,137
6284,2021-0497,80,81,1,0.987654321,A. thaliana,TV-38,2016-060,9.2021,Sweden,south_sweden,55.58,14.33,SWE,20degree_LD,NA,GMI,TV,Mattias Jakobsson,CS78770,7.7,5.5,2.4,607.7,19.8,-2.3,22.1,15.2,2.2,15.7,0.4,588,64,33,20,180,105,168,137
6296,2021-0677,57,57,0,1,A. thaliana,UduI 1-11,2017-178,9.2021,Central Europe,central_europe,49.28,16.63,CZE,20degree_LD,NA,Monsanto,UduI 1,Jirina Relichov,CS78774,8.4,8.9,3,724.2,23.8,-5.3,29.1,17.3,0.2,17.3,-1.3,548,79,25,42,221,78,221,82
6413,2021-0477,46,46,0,1,A. thaliana,Ull3-4,2015-389,9.2021,Sweden,south_sweden,56.06,13.97,SWE,20degree_LD,NA,GMI,Ull3,Magnus Nordborg,CS78819,7.4,6.2,2.6,623.5,20.2,-3.2,23.4,15,2,15.7,-0.1,663,73,37,21,204,117,191,158
6424,2021-0680,73,73,0,1,A. thaliana,ZdrI 1-23,2017-174,9.2021,Central Europe,central_europe,49.39,16.25,CZE,20degree_LD,NA,Monsanto,ZdrI 1,Jirina Relichov,CS78875,7.3,8.6,3,698.7,22.2,-5.9,28.1,15.9,-0.7,15.9,-2,623,87,30,40,250,93,250,96
6445,2021-0681,42,43,1,0.976744186,A. thaliana,ZdrI 2-21,2017-175,9.2021,Central Europe,central_europe,49.39,16.25,CZE,20degree_LD,NA,Monsanto,ZdrI 2,Jirina Relichov,CS78876,7.3,8.6,3,698.7,22.2,-5.9,28.1,15.9,-0.7,15.9,-2,623,87,30,40,250,93,250,96
6897,2021-0793,97,99,2,0.97979798,A. thaliana,Ag-0,"6897 (Almudena Molla Morales, Austria)",9.2021,Western Europe,western_europe,45,1.3,FRA,20degree_LD,NA,Salk,Ag,Albert Kranz,CS76430,12.2,10.6,4.1,548.7,26.3,0.6,25.7,5.9,19.1,19.1,5,882,91,55,12,248,202,202,239
6903,2021-0608,86,86,0,1,A. thaliana,Bor-4,2017-173,9.2021,Central Europe,central_europe,49.4,16.23,CZE,20degree_LD,NA,Salk,Bor,Jirina Relichov,CS76454,7.3,8.6,3,698.7,22.2,-5.9,28.1,15.9,-0.7,15.9,-2,623,87,30,40,250,93,250,96
6915,2021-0521,68,70,2,0.971428571,A. thaliana,Ei-2,2017-095,9.2021,Western Europe,germany,50.3,6.3,GER,20degree_LD,NA,Salk,Eifel,Albert Kranz,CS76478,7.5,6.9,3.1,569,19.5,-2.7,22.2,1.1,3.5,14.7,0.2,1002,109,66,14,291,214,270,273
6924,2021-0435,54,55,1,0.981818182,A. thaliana,HR-5,2015-395,9.2021,Western Europe,western_europe,51.41,-0.64,UK,20degree_LD,NA,Salk,HR,Mick Crawley,CS76514,10.1,7.9,3.4,520.7,22.7,-0.1,22.8,6.9,6.4,16.8,3.4,671,66,40,14,195,143,155,170
6933,2021-0554,49,49,0,1,A. thaliana,LL-0,2017-077,9.2021,Spain,spain,41.59,2.49,ESP,20degree_LD,NA,Salk,Ll,Albert Kranz,CS77047,15.2,7,3.1,533.5,27.1,5,22.1,16.2,22.1,22.2,8.7,714,94,34,25,234,145,173,150
6944,2021-0657,87,87,0,1,A. thaliana,NFA-8,2017-203,9.2021,Western Europe,western_europe,51.41,-0.64,UK,20degree_LD,NA,Salk,NFA,Mick Crawley,CS78913,10.1,7.9,3.4,520.7,22.7,-0.1,22.8,6.9,6.4,16.8,3.4,671,66,40,14,195,143,155,170
6945,2021-0558,59,59,0,1,A. thaliana,Nok-3,2017-076,9.2021,Western Europe,germany,52.24,4.45,NED,20degree_LD,NA,Salk,Nok,Albert Kranz,CS76562,9.4,6.1,2.9,523.5,20.6,0.2,20.4,10.8,4.7,16,3.1,782,87,44,21,243,146,206,185
6957,2021-0724,64,64,0,1,A. thaliana,Pu2-8,2017-260,9.2021,Central Europe,central_europe,49.42,16.36,CZE,20degree_LD,NA,Salk,Pu2,Ivo Cetl,CS77192,7.4,8.6,3,703.8,22.4,-5.9,28.3,16.1,-0.6,16.1,-1.9,607,86,28,41,245,88,245,92
6958,2021-0794,65,67,2,0.970149254,A. thaliana,Ra-0,"6958 (Almudena Molla Morales, Austria)",9.2021,Western Europe,western_europe,46,3.3,FRA,20degree_LD,NA,Salk,Ra,Albert Kranz,CS76582,10.6,10.3,3.9,580.5,25.1,-1.3,26.4,16.2,4.3,18,3.1,708,86,41,25,224,129,219,137
6959,2021-0795,58,60,2,0.966666667,A. thaliana,Rennes-1,"6959 (Almudena Molla Morales, Austria)",9.2021,Western Europe,western_europe,48.5,-1.41,FRA,20degree_LD,NA,Salk,REN,Gerhard Röbbelen,CS77210,11.2,7.7,3.8,457.9,22.3,2.4,19.9,6.4,10.3,17.1,5.4,740,85,47,19,234,154,170,210
6960,2021-0796,52,52,0,1,A. thaliana,Rennes-11,"6960 (Almudena Molla Morales, Austria)",9.2021,Western Europe,western_europe,48.5,-1.41,FRA,20degree_LD,NA,Salk,REN,Gerhard Röbbelen,CS77211,11.2,7.7,3.8,457.9,22.3,2.4,19.9,6.4,10.3,17.1,5.4,740,85,47,19,234,154,170,210
6961,2021-0565,94,94,0,1,A. thaliana,Se-0,2017-050,9.2021,Spain,spain,38.33,-3.53,ESP,20degree_LD,NA,Salk,Se,Albert Kranz,CS76597,16.3,11.7,3.6,679.2,34.9,3.2,31.7,11.6,25.4,25.4,8.1,468,66,4,49,174,27,27,158
6970,2021-0674,46,47,1,0.978723404,A. thaliana,Ts-1,2017-192,9.2021,Spain,spain,41.72,2.93,ESP,20degree_LD,NA,Salk,Ts,Albert Kranz,CS76615,15.2,7,3.1,529.6,27,4.8,22.2,16.3,22,22.1,8.7,716,108,29,31,242,131,158,157
6971,2021-0675,74,75,1,0.986666667,A. thaliana,Ts-5,2017-193,9.2021,Spain,spain,41.72,2.93,ESP,20degree_LD,NA,Salk,Ts,Albert Kranz,CS77388,15.2,7,3.1,529.6,27,4.8,22.2,16.3,22,22.1,8.7,716,108,29,31,242,131,158,157
6974,2021-0498,92,92,0,1,A. thaliana,Ull2-5,2016-062,9.2021,Spain,south_sweden,56.06,13.97,SWE,20degree_LD,NA,GMI,Ull2,Magnus Nordborg,CS78818,7.4,6.2,2.6,623.5,20.2,-3.2,23.4,15,2,15.7,-0.1,663,73,37,21,204,117,191,158
6981,2021-0599,73,75,2,0.973333333,A. thaliana,Ws-2,2017-059,9.2021,Central Europe,admixed,52.3,30,RUS,20degree_LD,NA,"MPI,Salk",Ws,Kenneth Feldmann,CS78920,6.7,8.7,2.5,906.2,24.3,-10,34.3,17.9,-4.3,17.9,-5.2,628,88,30,35,243,100,243,112
6982,2021-0600,49,51,2,0.960784314,A. thaliana,Wt-5,2017-096,9.2021,Central Europe,germany,52.3,9.3,GER,20degree_LD,NA,Salk,Wietze,Albert Kranz,CS76632,8.4,7.8,3.2,593,21.4,-2.5,23.9,15.9,4.1,15.9,0.8,783,82,51,15,237,161,237,186
6987,2021-0604,46,46,0,1,A. thaliana,Ak-1,2017-196,9.2021,Central Europe,admixed,48.07,7.63,GER,20degree_LD,NA,Salk,Achkarren/Freiburg,Albert Kranz,CS76431,10.2,8.5,3.2,638.2,24.8,-1,25.8,18.3,1.9,18.3,1.9,675,86,36,29,236,117,236,117
6989,2021-0513,98,99,1,0.98989899,A. thaliana,Alst-1,2017-052,9.2021,Western Europe,western_europe,54.8,-2.43,UK,20degree_LD,NA,Salk,Alst,Maarten Koornneef,CS76432,6.1,7.1,3.6,451.8,17,-2.5,19.5,1.4,8,12,0.5,1196,130,76,19,380,230,260,345
6997,2021-0453,102,103,1,0.990291262,A. thaliana,Appt-1,2016-954,9.2021,Western Europe,germany,51.83,5.58,NED,20degree_LD,NA,Salk,Appt,Maarten Koornneef,CS76440,9.4,7.6,3.4,546,21.5,-0.6,22.1,16.3,5.3,16.3,2.5,775,72,47,13,212,156,212,190
7002,2021-0514,48,48,0,1,A. thaliana,Baa-1,2017-089,9.2021,Western Europe,germany,51.33,6.1,NED,20degree_LD,NA,Salk,Baa,Maarten Koornneef,CS76442,10,7.7,3.3,562.1,22.4,-0.3,22.7,17.1,5.8,17.1,2.7,777,76,50,12,224,161,224,183
7003,2021-0520,92,92,0,1,A. thaliana,Bs-1,2017-099,9.2021,Central Europe,admixed,47.5,7.5,SUI,20degree_LD,NA,Salk,Bs,Albert Kranz,CS78888,9.5,8.4,3.3,622.7,24,-1.2,25.2,17.5,2.9,17.5,1.6,807,97,52,21,263,164,263,167
7008,2021-0517,64,65,1,0.984615385,A. thaliana,Benk-1,2017-060,9.2021,Western Europe,germany,52,5.68,NED,20degree_LD,NA,Salk,Benk,Maarten Koornneef,CS76447,9.2,7.5,3.4,545,21.2,-0.8,22,15.7,4.9,16.1,2.2,788,76,48,15,222,154,221,193
7013,2021-0516,72,72,0,1,A. thaliana,Bd-0,2017-065,9.2021,Central Europe,south_sweden,52.46,13.29,GER,20degree_LD,NA,Salk,Berlin/Dahlem,Albert Kranz,CS76445,9.1,8.2,3,690.7,23.9,-3.3,27.2,17.8,4.3,17.8,0.1,572,69,35,21,186,113,186,128
7058,2021-0612,81,81,0,1,A. thaliana,Bur-0,2017-224,9.2021,Spain,admixed,53.08,-9.08,IRL,20degree_LD,NA,Mott,Bur,Albert Kranz,CS76734,9.4,6.7,4,365.8,18.4,1.8,16.6,7.6,10.6,14.2,5,1129,131,65,22,362,210,246,324
7062,2021-0613,45,46,1,0.97826087,A. thaliana,Ca-0,2017-197,9.2021,Central Europe,germany,50.3,8.27,GER,20degree_LD,NA,Salk,Camberg/Taunus,Albert Kranz,CS76459,8.4,7.9,3.1,623.4,22.1,-2.8,24.9,16.3,4.2,16.3,0.3,713,69,46,13,205,144,205,172
7071,2021-0797,102,102,0,1,A. thaliana,Chat-1,"7071 (Almudena Molla Morales, Austria)",9.2021,Western Europe,western_europe,48.07,1.34,FRA,20degree_LD,NA,Salk,Chat,Maarten Koornneef,CS76463,10.6,8.8,3.6,555.4,24.1,0.1,24,4.4,6.9,17.7,3.5,639,62,47,8,176,145,151,165
7092,2021-0798,43,43,0,1,A. thaliana,Com-1,"7092 (Almudena Molla Morales, Austria)",9.2021,Western Europe,western_europe,49.42,2.82,FRA,20degree_LD,NA,Salk,Com,Maarten Koornneef,CS76469,10.4,8.5,3.6,551.4,23.4,-0.1,23.5,10.9,6.7,17.4,3.2,635,61,43,10,174,135,164,153
7119,2021-0522,54,56,2,0.964285714,A. thaliana,En-2,2017-100,9.2021,Central Europe,germany,50,8.5,GER,20degree_LD,NA,Salk,Enkheim/Frankfurt,Albert Kranz,CS76481,9.3,8.3,3.2,642.2,23.5,-2.3,25.8,17.4,5.2,17.4,1,626,66,38,17,193,121,193,139
7130,2021-0799,67,67,0,1,A. thaliana,Et-0,"7130 (Almudena Molla Morales, Austria)",9.2021,Western Europe,western_europe,44.64,2.56,FRA,20degree_LD,NA,Salk,Et,Albert Kranz,CS76486,11.3,10.5,3.9,573.5,26.1,-0.4,26.5,13.7,5.1,18.7,3.9,747,81,48,15,207,159,185,176
7133,2021-0528,59,59,0,1,A. thaliana,Fr-2,2017-117,9.2021,Central Europe,germany,50.11,8.68,GER,20degree_LD,NA,Salk,Frankfurt,Albert Kranz,CS76489,9.9,8.8,3.3,640.7,24.6,-1.9,26.5,18.1,2.7,18.1,1.5,656,71,41,16,201,134,201,143
7147,2021-0619,85,87,2,0.977011494,A. thaliana,Gie-0,2017-199,9.2021,Central Europe,admixed,50.58,8.68,GER,20degree_LD,NA,Salk,Gieben,Albert Kranz,CS76493,9,8.2,3.1,642.3,23.2,-2.6,25.8,15.6,4.7,17.1,0.6,717,71,44,12,205,154,195,165
7158,2021-0530,46,46,0,1,A. thaliana,Gr-5,2017-103,9.2021,Central Europe,central_europe,47,15.5,AUT,20degree_LD,NA,Monsanto,Graz,Albert Kranz,CS76885,7.8,9.9,3.1,756.8,24.3,-7.2,31.5,17.3,-2.3,17.3,-2.3,891,127,34,42,362,116,362,116
7169,2021-0702,54,55,1,0.981818182,A. thaliana,Hh-0,2017-354,9.2021,Central Europe,admixed,54.42,9.89,GER,20degree_LD,NA,Salk,Hohenlieth,Albert Kranz,CS76512,8.1,6.4,2.8,585.3,20.5,-1.8,22.3,15.2,3.2,15.6,0.9,782,83,46,20,234,142,226,185
7177,2021-0544,48,52,4,0.923076923,A. thaliana,Jm-0,2017-055,9.2021,Central Europe,central_europe,49,15,CZE,20degree_LD,NA,Salk,Jm,Albert Kranz,CS76520,7.7,9.2,3.2,700.4,23.2,-5.4,28.6,16.6,-0.2,16.6,-1.4,706,96,37,36,273,118,273,120
7207,2021-0601,56,56,0,1,A. thaliana,Kyoto,2017-148,9.2021,Central Europe,central_europe,35.01,135.75,JPN,20degree_LD,NA,Salk,Kyoto,Hirokazu Tsukaya,CS76535,13.5,8.5,2.6,825.6,30.3,-1.4,31.7,23.8,3.2,24.2,3.2,1787,247,76,39,668,253,637,253
7217,2021-0800,43,45,2,0.955555556,A. thaliana,Lm-2,"7217 (Almudena Molla Morales, Austria)",9.2021,Western Europe,western_europe,48,0.5,FRA,20degree_LD,NA,Salk,Lm,Albert Kranz,CS76545,10.8,9.2,3.8,533.4,24.2,0.4,23.8,4.8,17.7,17.7,3.9,680,68,49,12,201,150,150,190
7244,2021-0656,87,87,0,1,A. thaliana,Mnz-0,2017-198,9.2021,Central Europe,germany,50,8.27,GER,20degree_LD,NA,Salk,Mainz,Albert Kranz,CS76552,9,8.1,3.2,632.5,23,-2.3,25.3,17,4.9,17,0.8,628,65,39,16,191,121,191,143
7255,2021-0556,76,78,2,0.974358974,A. thaliana,Mh-0,2017-104,9.2021,Central Europe,germany,50.95,20.5,POL,20degree_LD,NA,Salk,Muhlen,Albert Kranz,CS76550,7.1,8.4,2.7,795.5,22.6,-8.5,31.1,16.5,-2.5,16.5,-4,630,91,28,41,255,93,255,98
7268,2021-0559,122,125,3,0.976,A. thaliana,Np-0,2017-061,9.2021,Central Europe,admixed,52.7,10.98,GER,20degree_LD,NA,Salk,Nieps/Salzwedel,Albert Kranz,CS76563,8.7,8.1,3.2,637.5,22.7,-2.6,25.3,16.8,1.3,16.8,0.5,603,67,36,19,194,122,194,130
7276,2021-0560,43,43,0,1,A. thaliana,Ob-0,2017-116,9.2021,Central Europe,germany,50.2,8.58,GER,20degree_LD,NA,Salk,Oberursel/Hasen,Albert Kranz,CS76566,8.7,8.3,3.2,633.4,22.8,-2.8,25.6,16.8,4.5,16.8,0.5,732,73,46,12,210,153,210,171
7288,2021-0658,58,58,0,1,A. thaliana,Oy-0,2017-200,9.2021,Sweden,admixed,60.39,6.19,NOR,20degree_LD,NA,Mott,Oy,Albert Kranz,CS77156,3.8,5.5,2.7,527.3,14.9,-5.3,20.2,1.2,5.9,10.7,-2.5,2441,303,110,32,858,379,490,717
7305,2021-0562,90,91,1,0.989010989,A. thaliana,Pt-0,2017-118,9.2021,Central Europe,admixed,53.48,10.61,GER,20degree_LD,NA,Salk,Poetrau/Lauenburg,Albert Kranz,CS78915,8.5,8.2,3.1,643.4,22.9,-2.9,25.8,16.8,3.7,16.8,0.3,644,72,37,19,206,123,206,141
7307,2021-0801,66,66,0,1,A. thaliana,Pn-0,"7307 (Almudena Molla Morales, Austria)",9.2021,Western Europe,western_europe,48.07,-2.97,FRA,20degree_LD,NA,Monsanto,Pn,Albert Kranz,CS77182,11,6.7,3.6,431.4,20.9,2.7,18.2,6.5,16.2,16.6,5.5,870,106,46,27,300,151,172,284
7320,2021-0802,83,83,0,1,A. thaliana,Rou-0,"7320 (Almudena Molla Morales, Austria)",9.2021,Western Europe,western_europe,49.44,1.1,FRA,20degree_LD,NA,Salk,Rou,Albert Kranz,CS76591,10.5,8.6,3.8,506.7,23,0.6,22.4,7.6,6.9,17,4.1,682,72,44,14,203,146,156,180
7327,2021-0662,45,47,2,0.957446809,A. thaliana,Sf-1,2017-194,9.2021,Spain,spain,41.78,3.03,ESP,20degree_LD,NA,Salk,Sf,F. Laibach,CS77246,15.7,7.2,3.2,515.4,27.3,5.4,21.9,16.9,22.4,22.5,9.5,646,102,23,34,227,112,141,142
7328,2021-0663,50,52,2,0.961538462,A. thaliana,Sf-2,2017-195,9.2021,Spain,spain,41.78,3.03,ESP,20degree_LD,NA,Mott,Sf,Albert Kranz,CS77247,15.7,7.2,3.2,515.4,27.3,5.4,21.9,16.9,22.4,22.5,9.5,646,102,23,34,227,112,141,142
7343,2021-0566,142,142,0,1,A. thaliana,Sp-0,2017-063,9.2021,Central Europe,south_sweden,52.53,13.18,GER,20degree_LD,NA,Salk,Berlin/Spandau,Albert Kranz,CS76603,9,8.1,3,687.7,23.7,-3.3,27,17.7,4.1,17.7,0.1,577,69,35,21,189,112,189,128
7354,2021-0593,101,101,0,1,A. thaliana,Ting-1,2017-109,9.2021,Sweden,south_sweden,56.5,14.9,SWE,20degree_LD,NA,Salk,Ting,Maarten Koornneef,CS76612,6.8,6.9,2.7,652.7,20.8,-4.2,25,14.6,1.4,15.4,-1.3,627,71,36,20,196,113,181,146
7356,2021-0473,83,83,0,1,A. thaliana,Tol-0,2015-435,9.2021,Western Europe,germany,41.66,-83.56,USA,20degree_LD,NA,"Salk,MPI",Tol,Scott Leisner,CS76614,9.8,10.9,2.8,970.9,29.5,-8.7,38.2,22,-1.8,22,-3.1,842,93,45,20,261,156,261,160
7382,2021-0594,46,46,0,1,A. thaliana,Utrecht,2017-114,9.2021,Central Europe,admixed,52.09,5.11,NED,20degree_LD,NA,Salk,Utrecht,Viola Willemsen,CS76622,9.3,7.5,3.4,532.5,21.3,-0.5,21.8,6.6,5,16.1,2.6,803,80,47,16,232,158,215,194
7383,2021-0595,55,55,0,1,A. thaliana,Van-0,2017-051,9.2021,Western Europe,western_europe,49.27,-123.21,CAN,20degree_LD,NA,Salk,Van,Albert Kranz,CS76623,9.9,7.7,3.4,517.5,22.3,0.1,22.2,4.1,16.7,16.7,3.5,1209,187,34,52,526,124,124,483
7523,2021-0465,58,58,0,1,A. thaliana,Pna-17,2015-439,9.2021,Western Europe,germany,42.09,-86.33,USA,20degree_LD,NA,Salk,PNA,Joy Bergelson,CS76575,9.3,10.4,2.8,946.2,28.1,-8.8,36.9,20.2,-2.1,21,-3.4,951,102,44,19,277,167,265,179
7717,2021-0459,67,67,0,1,A. thaliana,KNO1.37,2015-440,9.2021,Western Europe,germany,41.27,-86.63,USA,20degree_LD,NA,Monsanto,Knox35,Megan Dunning,CS76972,9.7,11.5,2.9,965.9,29.2,-9.6,38.8,19.6,-3.4,21.6,-3.4,974,109,46,23,305,165,305,165
7947,2021-0466,82,82,0,1,A. thaliana,PNA3.40,2015-441,9.2021,Western Europe,germany,42.09,-86.33,USA,20degree_LD,NA,Monsanto,PNA,Megan Dunning,CS77184,9.3,10.4,2.8,946.2,28.1,-8.8,36.9,20.2,-2.1,21,-3.4,951,102,44,19,277,167,265,179
8214,2021-0531,74,75,1,0.986666667,A. thaliana,Gy-0,2017-054,9.2021,Western Europe,western_europe,49,2,FRA,20degree_LD,NA,Salk,Gy,Albert Kranz,CS78901,10.4,8.4,3.6,537.4,23.3,0.2,23.1,7.1,6.8,17.2,3.5,641,62,43,10,178,138,157,159
8214,2021-0803,48,48,0,1,A. thaliana,Gy-0,"8214 (Almudena Molla Morales, Austria)",9.2021,Western Europe,western_europe,49,2,FRA,20degree_LD,NA,Salk,Gy,Albert Kranz,CS78901,10.4,8.4,3.6,537.4,23.3,0.2,23.1,7.1,6.8,17.2,3.5,641,62,43,10,178,138,157,159
8222,2021-0552,46,47,1,0.978723404,A. thaliana,Lis-2,2017-075,9.2021,Sweden,south_sweden,56.03,14.78,SWE,20degree_LD,NA,GMI,Lis,Magnus Nordborg,CS77043,7.8,6,2.5,622.9,20.7,-2.6,23.3,15.4,2.3,16,0.3,579,65,33,21,179,104,163,136
8231,2021-0519,83,83,0,1,A. thaliana,Brö1-6,2017-056,9.2021,Sweden,south_sweden,56.3,16,SWE,20degree_LD,NA,GMI,Brömsebro,Magnus Nordborg,CS76726,7.6,6.2,2.5,648.7,21,-3.1,24.1,15.5,2,16.1,-0.3,548,63,32,21,175,99,160,124
8234,2021-0620,65,65,0,1,A. thaliana,Gul1-2,2017-169,9.2021,Sweden,south_sweden,56.46,15.81,SWE,20degree_LD,NA,"GMI,Salk",Gullabo,Magnus Nordborg,CS76896,7.2,6.3,2.5,648.8,20.7,-3.6,24.3,15.1,1.6,15.7,-0.8,567,65,34,20,180,103,166,130
8237,2021-0707,91,91,0,1,A. thaliana,Kävlinge-1,2017-347,9.2021,Sweden,south_sweden,55.8,13.1,SWE,20degree_LD,NA,GMI,Kävlinge,Torbjorn Sall,CS76964,7.9,6.1,2.6,618.5,20.3,-2.8,23.1,15.3,2.6,16,0.5,643,68,34,22,199,113,187,149
8240,2021-0548,77,78,1,0.987179487,A. thaliana,Kulturen-1,2017-064,9.2021,Sweden,south_sweden,55.71,13.2,SWE,20degree_LD,NA,GMI,Kulturen,Torbjorn Sall,CS76987,7.8,6.1,2.6,618,20.2,-2.9,23.1,15.2,2.4,15.9,0.3,665,69,35,22,203,117,191,157
8241,2021-0550,70,72,2,0.972222222,A. thaliana,Liarum,2017-069,9.2021,Sweden,south_sweden,55.95,13.82,SWE,20degree_LD,NA,GMI,Liarum,Torbjorn Sall,CS77038,7.1,6.1,2.6,618,19.7,-3.4,23.1,14.6,1.7,15.3,-0.3,692,74,39,21,210,124,198,167
8242,2021-0655,86,88,2,0.977272727,A. thaliana,Lillö-1,2017-168,9.2021,Sweden,south_sweden,56.15,15.79,SWE,20degree_LD,NA,GMI,Lillö,Magnus Nordborg,CS77039,7.8,6.1,2.5,643.3,21.1,-2.8,23.9,15.7,2.2,16.3,0,549,62,32,21,174,99,157,125
8244,2021-0804,76,78,2,0.974358974,A. thaliana,PHW-34,"8244 (Almudena Molla Morales, Austria)",9.2021,Western Europe,western_europe,48.61,2.31,FRA,20degree_LD,NA,Salk,Bretagny Sur Orge,Paul Williams,CS77174,10.9,8.3,3.5,561.2,24.1,0.5,23.6,11.3,7.2,18,3.6,640,60,45,8,170,141,159,157
8247,2021-0661,44,44,0,1,A. thaliana,San-2,2017-238,9.2021,Sweden,south_sweden,56.07,13.74,SWE,20degree_LD,NA,GMI,Sandåkra,Magnus Nordborg,CS77233,7.3,6.2,2.6,623.5,20,-3.4,23.4,14.8,1.9,15.5,-0.2,695,75,39,21,213,123,200,167
8249,2021-0736,93,93,0,1,A. thaliana,Vimmerby,2017-355,9.2021,Sweden,south_sweden,57.7,15.8,SWE,20degree_LD,NA,GMI,Vimmerby,Magnus Nordborg,CS78845,6.4,7.3,2.7,677.6,21.2,-5.4,26.6,14.3,0.7,15.3,-2,573,67,31,23,188,100,177,126
8256,2021-0432,48,48,0,1,A. thaliana,Bå1-2,2015-453,9.2021,Sweden,admixed,56.4,12.9,SWE,20degree_LD,NA,GMI,Bå,Magnus Nordborg,CS76676,7.2,6.4,2.6,632.6,19.8,-4.7,24.5,14.7,1.6,15.5,-0.5,780,86,40,24,250,133,231,177
8259,2021-0687,90,91,1,0.989010989,A. thaliana,Bå5-1,2017-345,9.2021,Sweden,south_sweden,56.4,12.9,SWE,20degree_LD,NA,GMI,Bå,Magnus Nordborg,CS76678,7.2,6.4,2.6,632.6,19.8,-4.7,24.5,14.7,1.6,15.5,-0.5,780,86,40,24,250,133,231,177
8264,2021-0518,82,82,0,1,A. thaliana,Bla-1,2017-106,9.2021,Spain,spain,41.68,2.8,ESP,20degree_LD,NA,Salk,Bla,Albert Kranz,CS76451,15.5,6.9,3,542.5,27.5,5,22.5,16.6,22.5,22.6,8.8,726,109,30,30,245,133,161,159
8283,2021-0503,54,55,1,0.981818182,A. thaliana,Dra3-1,2016-976,9.2021,Sweden,south_sweden,55.76,14.12,SWE,20degree_LD,NA,GMI,Dra3,Magnus Nordborg,CS76811,7.4,5.7,2.5,615,19.7,-2.8,22.5,14.9,1.9,15.5,0,623,69,35,21,191,111,179,147
8306,2021-0482,46,46,0,1,A. thaliana,Hov4-1,2016-085,9.2021,Sweden,south_sweden,56.1,13.74,SWE,20degree_LD,NA,GMI,Hovdala,Magnus Nordborg,CS76936,7.3,6.2,2.6,623.5,20,-3.4,23.4,14.8,1.9,15.5,-0.2,695,75,39,21,213,123,200,167
8307,2021-0625,85,85,0,1,A. thaliana,Hovdala-6,2017-235,9.2021,Sweden,south_sweden,56.1,13.74,SWE,20degree_LD,NA,GMI,Hovdala,Torbjorn Sall,CS76938,7.3,6.2,2.6,623.5,20,-3.4,23.4,14.8,1.9,15.5,-0.2,695,75,39,21,213,123,200,167
8326,2021-0551,54,54,0,1,A. thaliana,Lis-1,2017-074,9.2021,Sweden,south_sweden,56.03,14.78,SWE,20degree_LD,NA,GMI,Lis,Magnus Nordborg,CS77042,7.8,6,2.5,622.9,20.7,-2.6,23.3,15.4,2.3,16,0.3,579,65,33,21,179,104,163,136
8335,2021-0555,97,98,1,0.989795918,A. thaliana,Lund,2017-094,9.2021,Sweden,south_sweden,55.71,13.2,SWE,20degree_LD,NA,GMI,Lund,Magnus Nordborg,CS77060,7.8,6.1,2.6,618,20.2,-2.9,23.1,15.2,2.4,15.9,0.3,665,69,35,22,203,117,191,157
8337,2021-0557,102,102,0,1,A. thaliana,Mir-0,2017-070,9.2021,Western Europe,western_europe,44,12.37,ITA,20degree_LD,NA,Salk,Mir,Albert Kranz,CS76551,13.2,9,3.1,675.2,28.3,0.1,28.2,14.3,5.6,21.8,4.4,700,81,47,16,218,152,161,153
8369,2021-0563,46,46,0,1,A. thaliana,Rev-1,2017-141,9.2021,Sweden,south_sweden,55.69,13.45,SWE,20degree_LD,NA,GMI,Rev1,Magnus Nordborg,CS77214,7.7,6,2.6,618.2,20.1,-2.9,23,15.1,2.3,15.8,0.2,678,70,36,22,204,120,193,163
8386,2021-0568,54,54,0,1,A. thaliana,Sr:5,2017-090,9.2021,Central Europe,central_europe,58.9,11.2,SWE,20degree_LD,NA,GMI,Sr,Ivo Cetl,CS77268,7,5.5,2.2,671.3,19.8,-4.3,24.1,8,1.1,15.8,-1.3,773,92,40,27,258,129,218,160
8387,2021-0602,65,67,2,0.970149254,A. thaliana,St-0,2017-057,9.2021,Western Europe,germany,59,18,SWE,20degree_LD,NA,GMI,St,Albert Kranz,CS77270,6.8,6.4,2.3,715.8,21.8,-4.9,26.7,15.3,0.8,16.5,-1.8,514,62,25,29,175,82,165,112
8420,2021-0545,89,89,0,1,A. thaliana,Kelsterbach-4,2017-115,9.2021,Central Europe,germany,50.07,8.53,GER,20degree_LD,NA,Salk,Kelsterbach,Paul Williams,CS76525,9.7,8.7,3.2,648.4,24.3,-2.1,26.4,18,2.5,18,1.3,634,68,39,17,196,127,196,137
8422,2021-0481,52,52,0,1,A. thaliana,Fjä1-1,2016-090,9.2021,Sweden,south_sweden,56.06,14.29,SWE,20degree_LD,NA,GMI,Fjä1,Magnus Nordborg,CS76859,7.7,6.1,2.6,623.8,20.5,-2.8,23.3,15.3,2.3,16,0.2,602,69,34,21,188,106,174,141
8426,2021-0678,85,86,1,0.988372093,A. thaliana,Ull1-1,2017-240,9.2021,Sweden,south_sweden,56.06,13.97,SWE,20degree_LD,NA,GMI,Ull1,Magnus Nordborg,CS78816,7.4,6.2,2.6,623.5,20.2,-3.2,23.4,15,2,15.7,-0.1,663,73,37,21,204,117,191,158
88,2021-0787,67,67,0,1,A. thaliana,CYR,"88 (Almudena Molla Morales, Austria)",9.2021,Western Europe,western_europe,47.4,0.68,FRA,20degree_LD,NA,Monsanto,CYR,Valerie Le Corre,CS76790,11.4,9,3.7,554.6,25,0.8,24.2,5.2,18.5,18.5,4.3,673,66,47,10,190,147,147,181
9057,2021-0596,78,78,0,1,A. thaliana,Vinslöv,2017-149,9.2021,Sweden,south_sweden,56.1,13.92,SWE,20degree_LD,NA,GMI,Vinslöv,Torbjorn Sall,CS78847,7.4,6.2,2.6,623.5,20.2,-3.2,23.4,15,2,15.7,-0.1,663,73,37,21,204,117,191,158
9339,2021-0690,92,92,0,1,A. thaliana,Böt 1,2017-348,9.2021,Sweden,south_sweden,57.71,15.07,SWE,20degree_LD,NA,GMI,Bötteryd,Alison Anastasio,CS76720,5.6,7.8,2.8,681.4,20.7,-6.5,27.2,13.5,0,14.6,-2.8,623,72,35,23,205,107,191,136
9369,2021-0616,65,67,2,0.970149254,A. thaliana,EkS 2,2017-167,9.2021,Sweden,south_sweden,57.68,15,SWE,20degree_LD,NA,GMI,Eksjöholm-Sud,Alison Anastasio,CS76837,5.6,7.9,2.8,679.6,20.7,-6.6,27.3,13.5,0,14.5,-2.9,629,73,35,23,208,107,193,136
9380,2021-0527,90,90,0,1,A. thaliana,FlyA 3,2017-140,9.2021,Sweden,south_sweden,55.75,13.37,SWE,20degree_LD,NA,GMI,Flyinge,Alison Anastasio,CS76865,7.7,6,2.6,618.2,20.1,-2.9,23,15.1,2.3,15.8,0.2,678,70,36,22,204,120,193,163
9395,2021-0434,66,66,0,1,A. thaliana,Hal-1,2015-017,9.2021,Sweden,south_sweden,57.51,15.01,SWE,20degree_LD,NA,GMI,Hallamåla,Alison Anastasio,CS76908,5.9,7.7,2.8,678,20.9,-6.1,27,13.8,0.3,14.8,-2.5,618,71,35,22,202,107,188,136
9399,2021-0701,82,82,0,1,A. thaliana,Hamm-1,2017-356,9.2021,Sweden,south_sweden,55.42,13.99,SWE,20degree_LD,NA,GMI,Hammar,Alison Anastasio,CS76910,7.9,5.7,2.5,611.5,20.1,-2.3,22.4,15.4,2.5,15.9,0.5,598,64,33,21,184,106,172,139
9404,2021-0532,58,58,0,1,A. thaliana,HolA-1 1,2017-066,9.2021,Sweden,south_sweden,55.75,13.4,SWE,20degree_LD,NA,GMI,Holmby,Alison Anastasio,CS76926,7.7,6,2.6,618.2,20.1,-2.9,23,15.1,2.3,15.8,0.2,678,70,36,22,204,120,193,163
9405,2021-0533,49,49,0,1,A. thaliana,HolA-1 2,2017-067,9.2021,Sweden,south_sweden,55.75,13.4,SWE,20degree_LD,NA,GMI,Holmby,Alison Anastasio,CS76927,7.7,6,2.6,618.2,20.1,-2.9,23,15.1,2.3,15.8,0.2,678,70,36,22,204,120,193,163
9407,2021-0534,68,68,0,1,A. thaliana,HolA-2 2,2017-068,9.2021,Sweden,south_sweden,55.75,13.4,SWE,20degree_LD,NA,GMI,Holmby,Alison Anastasio,CS76928,7.7,6,2.6,618.2,20.1,-2.9,23,15.1,2.3,15.8,0.2,678,70,36,22,204,120,193,163
9408,2021-0489,94,94,0,1,A. thaliana,Kal 1,2016-101,9.2021,Sweden,south_sweden,56.05,13.95,SWE,20degree_LD,NA,GMI,Kalvaboda,Alison Anastasio,CS76959,7.4,6.2,2.6,623.5,20.2,-3.2,23.4,15,2,15.7,-0.1,663,73,37,21,204,117,191,158
9409,2021-0546,55,55,0,1,A. thaliana,Kia 1,2017-072,9.2021,Sweden,south_sweden,56.06,14.3,SWE,20degree_LD,NA,GMI,Kiaby,Alison Anastasio,CS76968,7.7,6.1,2.6,623.8,20.5,-2.8,23.3,15.3,2.3,16,0.2,602,69,34,21,188,106,174,141
9421,2021-0654,82,83,1,0.987951807,A. thaliana,Lan 1,2017-164,9.2021,Sweden,south_sweden,55.97,14.4,SWE,20degree_LD,NA,GMI,Landön,Alison Anastasio,CS77009,7.8,5.9,2.5,619.8,20.5,-2.5,23,15.4,2.4,16,0.4,585,67,33,21,182,103,169,136
9436,2021-0659,67,67,0,1,A. thaliana,Puk-1,2017-165,9.2021,Sweden,south_sweden,56.16,14.68,SWE,20degree_LD,NA,GMI,Pukavik Bus,Alison Anastasio,CS77194,7.8,6,2.5,622.9,20.7,-2.6,23.3,15.4,2.3,16,0.3,579,65,33,21,179,104,163,136
9437,2021-0492,81,82,1,0.987804878,A. thaliana,Puk-2,2016-958,9.2021,Spain,south_sweden,56.16,14.68,SWE,20degree_LD,NA,GMI,Pukavik Bus,Alison Anastasio,CS77195,7.8,6,2.5,622.9,20.7,-2.6,23.3,15.4,2.3,16,0.3,579,65,33,21,179,104,163,136
9442,2021-0448,94,94,0,1,A. thaliana,Sim-1,2015-489,9.2021,Sweden,germany,55.57,14.34,SWE,20degree_LD,NA,GMI,Simrishamn,Alison Anastasio,CS77250,7.9,5.4,2.4,609.4,20,-2,22,15.5,2.4,16,0.7,569,62,32,20,175,101,162,132
9453,2021-0765,75,75,0,1,A. thaliana,Stenk-2,2015-453,9.2021,Sweden,south_sweden,57.8,18.52,SWE,20degree_LD,NA,GMI,Stenkyrka,Alison Anastasio,CS77274,7.1,5.5,2.3,645.9,20.2,-3.4,23.6,8.1,4.9,15.7,-0.6,532,58,30,25,165,92,136,115
9454,2021-0766,59,61,2,0.967213115,A. thaliana,Stenk-3,2015-014,9.2021,Sweden,south_sweden,57.8,18.52,SWE,20degree_LD,NA,GMI,Stenkyrka,Alison Anastasio,CS77275,7.1,5.5,2.3,645.9,20.2,-3.4,23.6,8.1,4.9,15.7,-0.6,532,58,30,25,165,92,136,115
9470,2021-0676,66,67,1,0.985074627,A. thaliana,Tur-4,2017-166,9.2021,Sweden,south_sweden,57.65,14.8,SWE,20degree_LD,NA,GMI,Turlunda,Alison Anastasio,CS77399,5.5,7.9,2.9,675.9,20.5,-6.6,27.1,13.3,-0.1,14.4,-3,650,75,36,23,213,112,198,142
9481,2021-0500,83,84,1,0.988095238,A. thaliana,Yst-1,2016-109,9.2021,Spain,south_sweden,55.42,13.85,SWE,20degree_LD,NA,GMI,Ystad,Alison Anastasio,CS78869,7.9,5.7,2.5,611.5,20.1,-2.3,22.4,15.4,2.5,15.9,0.5,598,64,33,21,184,106,172,139
9506,2021-0627,48,48,0,1,A. thaliana,IP-Alo-0,2017-230,9.2021,Spain,admixed,40.11,-7.47,POR,20degree_LD,NA,Monsanto,,Carlos Alonso-Blanco,CS76662,14.8,9.4,3.5,579.5,30.2,4,26.2,7.7,22.5,22.5,7.7,934,137,8,55,376,59,59,376
9517,2021-0626,74,74,0,1,A. thaliana,IP-All-0,2017-231,9.2021,Spain,western_europe,42.19,-7.8,ESP,20degree_LD,NA,Monsanto,,Carlos Alonso-Blanco,CS76659,12.5,9.3,3.8,510,26,2,24,6.8,19.2,19.2,6.3,1086,152,23,45,411,101,101,403
9519,2021-0535,62,63,1,0.984126984,A. thaliana,IP-Ang-0,2017-081,9.2021,Spain,spain,41.94,2.64,ESP,20degree_LD,NA,Monsanto,,Xavier Picó,CS78886,13.4,7.1,3.1,551.1,25.9,3,22.9,18.3,6.8,20.7,6.8,863,102,47,21,256,178,203,178
9520,2021-0504,67,70,3,0.957142857,A. thaliana,IP-Ara-4,2016-978,9.2021,Sweden,spain,41.7,-3.68,ESP,20degree_LD,NA,Monsanto,,Carlos Alonso-Blanco,CS76670,11.3,10.4,3.6,603.2,27.6,-0.6,28.2,13.2,19.3,19.3,3.9,477,54,19,26,143,76,84,122
9521,2021-0536,73,74,1,0.986486486,A. thaliana,IP-Bar-1,2017-087,9.2021,Spain,spain,41.43,2.13,ESP,20degree_LD,NA,Monsanto,,Xavier Picó,CS76689,16.1,7.1,3.2,521.1,27.8,6.1,21.7,17.2,10.5,23,9.8,613,86,27,30,216,120,151,122
9524,2021-0628,50,53,3,0.943396226,A. thaliana,IP-Ber-0,2017-202,9.2021,Spain,spain,42.52,-0.56,ESP,20degree_LD,NA,Monsanto,,Carlos Alonso-Blanco,CS78887,8.7,9.8,3.9,540.9,22.6,-2.4,25,10.5,15.8,15.8,2,842,90,48,15,237,177,184,208
9525,2021-0483,77,78,1,0.987179487,A. thaliana,IP-Bis-0,2016-123,9.2021,Spain,spain,42.49,0.54,ESP,20degree_LD,NA,Monsanto,,Xavier Picó,CS76711,7,8.8,3.6,557.9,20.6,-3.7,24.3,8.5,0.2,14.3,0.2,1046,113,68,15,305,228,244,228
9525,2021-0777,96,96,0,1,A. thaliana,IP-Bis-0,2016-019,9.2021,Spain,spain,42.49,0.54,ESP,20degree_LD,NA,Monsanto,,Xavier Picó,CS76711,7,8.8,3.6,557.9,20.6,-3.7,24.3,8.5,0.2,14.3,0.2,1046,113,68,15,305,228,244,228
9526,2021-0537,43,43,0,1,A. thaliana,IP-Cab-3,2017-071,9.2021,Spain,spain,41.54,2.39,ESP,20degree_LD,NA,Monsanto,,Xavier Picó,CS76738,15.2,7,3.1,533.5,27.1,5,22.1,16.2,22.1,22.2,8.7,714,94,34,25,234,145,173,150
9528,2021-0629,51,51,0,1,A. thaliana,IP-Cal-0,2017-205,9.2021,Spain,spain,40.94,-1.37,ESP,20degree_LD,NA,Monsanto,,Carlos Alonso-Blanco,CS78890,10.1,10,3.6,611.3,24.5,-2.6,27.1,12.3,3.4,18.1,2.5,455,69,22,37,169,78,120,80
9531,2021-0630,67,69,2,0.971014493,A. thaliana,IP-Cdc-3,2017-216,9.2021,Spain,spain,41.21,-4.54,ESP,20degree_LD,NA,Monsanto,,Carlos Alonso-Blanco,CS76761,12.2,11,3.7,619.9,29,0,29,14.3,20.2,20.4,4.5,399,48,13,30,123,58,64,103
9532,2021-0631,95,96,1,0.989583333,A. thaliana,IP-Cdo-0,2017-217,9.2021,Spain,spain,42.23,-4.64,ESP,20degree_LD,NA,Monsanto,,Carlos Alonso-Blanco,CS76762,11.6,11.1,3.9,556.2,27.6,-0.8,28.4,9.2,18.9,18.9,4.8,502,58,23,27,161,79,92,127
9534,2021-0457,88,88,0,1,A. thaliana,IP-Cmo-3,2015-507,9.2021,Spain,spain,40.05,-4.65,ESP,20degree_LD,NA,Monsanto,,Carlos Alonso-Blanco,CS76774,14.8,11.2,3.6,664.4,32.8,1.9,30.9,10.6,23.8,23.8,6.7,361,43,7,37,118,40,40,98
9535,2021-0770,82,82,0,1,A. thaliana,IP-Coc-1,2015-293,9.2021,Western Europe,spain,42.31,3.19,ESP,20degree_LD,NA,Monsanto,,Xavier Picó,CS76776,15,8,3.4,519,27.2,4.3,22.9,16,21.7,21.8,8.7,613,92,23,30,210,108,130,137
9539,2021-0632,65,66,1,0.984848485,A. thaliana,IP-Deh-1,2017-226,9.2021,Spain,spain,40.29,-6.67,ESP,20degree_LD,NA,Monsanto,,Carlos Alonso-Blanco,CS76793,12.5,9.4,3.5,607.7,28.4,1.6,26.8,6,20.6,20.7,5.3,844,116,10,50,328,60,63,322
9540,2021-0538,70,76,6,0.921052632,A. thaliana,IP-Elb-0,2017-062,9.2021,Spain,spain,41.81,2.34,ESP,20degree_LD,NA,Monsanto,,Xavier Picó,CS76838,12.6,7.1,3.1,541.8,25,2.6,22.4,17.4,6.2,19.8,6.2,839,98,47,20,253,173,202,173
9548,2021-0484,58,59,1,0.983050847,A. thaliana,IP-Hoy-0,2016-135,9.2021,Spain,admixed,40.4,-5,ESP,20degree_LD,NA,Monsanto,,Carlos Alonso-Blanco,CS76939,8.5,11.1,3.7,621.8,26.2,-3.3,29.5,4.6,16.9,17,1.3,605,74,19,32,189,81,86,164
9551,2021-0633,81,82,1,0.987804878,A. thaliana,IP-Jim-1,2017-223,9.2021,Spain,admixed,42.28,-5.92,ESP,20degree_LD,NA,Monsanto,,Carlos Alonso-Blanco,CS76955,11.4,11.5,3.9,592.6,28.2,-0.6,28.8,7.7,19.2,19.2,4,521,67,19,34,191,77,77,157
9552,2021-0458,68,69,1,0.985507246,A. thaliana,IP-Lab-7,2015-515,9.2021,Spain,admixed,40.87,-4.5,ESP,20degree_LD,NA,Monsanto,,Carlos Alonso-Blanco,CS76995,11.5,10.8,3.7,623.5,28.4,-0.7,29.1,13.6,19.7,19.9,4,400,53,14,32,129,62,66,94
9553,2021-0505,90,91,1,0.989010989,A. thaliana,IP-Ldd-0,2016-789,9.2021,Spain,spain,41.58,-4.71,ESP,20degree_LD,NA,Monsanto,,Carlos Alonso-Blanco,CS77012,12.4,11.5,3.9,611.1,29.5,0.2,29.3,5.7,20.3,20.5,4.7,411,48,13,30,130,58,63,115
9556,2021-0485,94,95,1,0.989473684,A. thaliana,IP-Men-2,2015-517,9.2021,Spain,spain,39.66,-4.34,ESP,20degree_LD,NA,Monsanto,,Xavier Picó,CS77081,13,11.9,3.6,680.3,32.1,-0.1,32.2,11.3,22.3,22.3,4.9,466,55,9,38,157,50,50,132
9557,2021-0634,89,89,0,1,A. thaliana,IP-Moa-0,2017-232,9.2021,Spain,spain,42.46,0.7,ESP,20degree_LD,NA,Monsanto,,Carlos Alonso-Blanco,CS77102,7.8,8.9,3.6,562.2,21.5,-3.1,24.6,9.4,0.9,15.1,0.9,1033,110,67,15,302,221,265,221
9558,2021-0635,99,99,0,1,A. thaliana,IP-Moc-11,2017-221,9.2021,Spain,admixed,41.57,-5.64,ESP,20degree_LD,NA,Monsanto,,Carlos Alonso-Blanco,CS77103,12.2,11.6,3.9,610.8,29.4,0.1,29.3,8.3,20.1,20.3,4.6,368,44,11,33,126,52,54,101
9561,2021-0636,53,53,0,1,A. thaliana,IP-Mun-0,2017-218,9.2021,Spain,admixed,40.71,-5.04,ESP,20degree_LD,NA,Monsanto,,Carlos Alonso-Blanco,CS77114,10.8,11.3,3.8,615.7,28.1,-1.3,29.4,12.7,18.9,19.1,3.4,433,56,14,32,135,63,66,109
9562,2021-0539,59,59,0,1,A. thaliana,IP-Mur-0,2017-053,9.2021,Spain,spain,41.67,2,ESP,20degree_LD,NA,Monsanto,,Xavier Picó,CS77115,14.3,7.6,3.2,552.4,26.9,3.8,23.1,19.2,7.6,21.6,7.6,636,74,33,25,202,110,173,110
9564,2021-0637,76,76,0,1,A. thaliana,IP-Nog-17,2017-206,9.2021,Spain,spain,40.45,-1.6,ESP,20degree_LD,NA,Monsanto,,Xavier Picó,CS77129,8.4,10.8,3.7,631.5,24.7,-4,28.7,10.2,0.9,16.9,0.9,595,80,33,26,202,120,137,120
9565,2021-0705,68,68,0,1,A. thaliana,IP-Orb-10,2017-343,9.2021,Spain,admixed,42.97,-1.23,ESP,20degree_LD,NA,Monsanto,,Carlos Alonso-Blanco,CS77152,8.9,9.8,3.9,531.6,22.8,-1.9,24.7,3.2,15.9,15.9,2.3,1096,124,59,18,333,211,211,314
9567,2021-0486,95,95,0,1,A. thaliana,IP-Pal-0,2016-146,9.2021,Spain,spain,42.34,1.3,ESP,20degree_LD,NA,Monsanto,,Xavier Picó,CS77159,6.2,8,3.4,552.3,19.6,-3.9,23.5,7.5,0.3,13.6,-0.3,1112,121,74,15,324,238,266,239
9568,2021-0638,69,69,0,1,A. thaliana,IP-Pan-0,2017-201,9.2021,Spain,spain,42.76,-0.23,ESP,20degree_LD,NA,Monsanto,,Carlos Alonso-Blanco,CS77160,2.8,8,3.4,522.7,15.6,-7.3,22.9,3.8,9.9,9.9,-3.4,1291,134,83,12,362,278,278,321
9569,2021-0639,83,83,0,1,A. thaliana,IP-Pds-1,2017-225,9.2021,Spain,western_europe,42.87,-6.45,ESP,20degree_LD,NA,Monsanto,,Carlos Alonso-Blanco,CS77166,7.8,10,3.9,520.3,22.5,-2.6,25.1,2.2,14.8,14.8,1.6,1012,128,41,31,353,151,151,322
9573,2021-0540,65,65,0,1,A. thaliana,IP-Rds-0,2017-085,9.2021,Spain,spain,41.86,2.99,ESP,20degree_LD,NA,Monsanto,,Xavier Picó,CS77206,14.9,7.1,3.1,535.8,26.9,4.4,22.5,16,21.9,22,8.4,731,106,32,28,238,140,160,159
9577,2021-0541,103,104,1,0.990384615,A. thaliana,IP-Ria-0,2017-111,9.2021,Spain,spain,42.34,2.17,ESP,20degree_LD,NA,Monsanto,,Xavier Picó,CS77216,4.5,7.1,3.1,535.1,17.4,-4.8,22.2,2,11.8,11.8,-1.4,1232,127,77,13,344,274,274,290
9578,2021-0487,57,57,0,1,A. thaliana,IP-Sac-0,2015-586,9.2021,Spain,western_europe,42.13,-6.7,ESP,20degree_LD,NA,Monsanto,,Carlos Alonso-Blanco,CS77229,8.4,10.1,3.8,561.4,24.1,-2.3,26.4,2.3,16,16,1.7,980,127,27,40,367,111,111,357
9580,2021-0706,62,62,0,1,A. thaliana,IP-Scm-0,2017-302,9.2021,Spain,spain,38.68,-3.57,ESP,20degree_LD,NA,NA,NA,NA,NA,14.7,12.5,3.7,683.6,34.1,1.2,32.9,12.9,23.9,23.9,6.4,455,56,5,44,161,36,36,139
9581,2021-0542,52,52,0,1,A. thaliana,IP-Sdv-3,2017-0034,9.2021,Spain,admixed,42.84,-5.12,ESP,20degree_LD,NA,Monsanto,,Carlos Alonso-Blanco,CS77242,8.3,10.3,4,519.9,23.2,-2.5,25.7,5.7,15.2,15.2,2,828,101,43,24,275,154,154,224
9582,2021-0506,82,85,3,0.964705882,A. thaliana,IP-Ses-0,2016-805,9.2021,Spain,spain,41.48,-1.63,ESP,20degree_LD,NA,Monsanto,,Carlos Alonso-Blanco,CS77244,11.9,10.6,3.7,618.5,27.4,-0.8,28.2,14.1,5.3,19.9,4.2,423,61,23,30,147,84,99,89
9584,2021-0640,78,78,0,1,A. thaliana,IP-Stp-0,2017-213,9.2021,Spain,spain,41.19,-3.58,ESP,20degree_LD,NA,Monsanto,,Carlos Alonso-Blanco,CS77283,10.4,10.5,3.6,626.1,27,-1.4,28.4,12.2,18.7,18.8,2.9,514,59,19,27,154,80,87,133
9585,2021-0641,84,85,1,0.988235294,A. thaliana,IP-Svi-0,2017-228,9.2021,Spain,western_europe,43.4,-7.39,ESP,20degree_LD,NA,Monsanto,,Carlos Alonso-Blanco,CS77287,12,8.3,4.1,405,23.2,3.2,20,7.6,17.2,17.4,7.1,1056,134,36,35,382,137,153,349
9586,2021-0642,103,103,0,1,A. thaliana,IP-Tam-0,2017-212,9.2021,Spain,spain,41.03,-3.27,ESP,20degree_LD,NA,Monsanto,,Carlos Alonso-Blanco,CS77340,9.8,10.7,3.7,631.3,26.8,-2,28.8,8.1,18.3,18.3,2.4,542,63,21,26,162,86,93,139
9587,2021-0643,56,56,0,1,A. thaliana,IP-Tdc-0,2017-207,9.2021,Spain,spain,41.5,-1.88,ESP,20degree_LD,NA,Monsanto,,Carlos Alonso-Blanco,CS77344,10,11.1,3.8,611.5,26.3,-2.5,28.8,12.1,18,18.1,2.5,542,71,30,24,176,108,121,127
9588,2021-0488,77,77,0,1,A. thaliana,IP-Tol-7,2016-966,9.2021,Spain,spain,42.11,0.6,ESP,20degree_LD,NA,Monsanto,,Xavier Picó,CS77371,11,10,3.7,599.2,25.9,-1,26.9,13.1,3.4,18.7,3.4,726,83,43,20,223,142,184,142
9589,2021-0644,79,80,1,0.9875,A. thaliana,IP-Tor-1,2017-210,9.2021,Spain,spain,41.6,-2.83,ESP,20degree_LD,NA,Monsanto,,Carlos Alonso-Blanco,CS77378,10.8,11.2,3.8,618.3,27.9,-1.4,29.3,12.8,19,19.1,3.3,510,61,25,22,155,93,99,129
9591,2021-0645,83,85,2,0.976470588,A. thaliana,IP-Vad-0,2017-214,9.2021,Spain,admixed,42.86,-3.59,ESP,20degree_LD,NA,Monsanto,,Carlos Alonso-Blanco,CS78826,10.7,8.3,3.8,479.3,23.1,1.3,21.8,8.3,16.9,17.1,4.8,856,98,41,22,274,153,161,243
9592,2021-0646,76,77,1,0.987012987,A. thaliana,IP-Vae-2,2017-219,9.2021,Spain,admixed,42.1,-5.44,ESP,20degree_LD,NA,Monsanto,,Carlos Alonso-Blanco,CS78827,11.8,11.6,3.9,594.4,28.8,-0.4,29.2,8.3,19.5,19.6,4.3,444,55,18,30,155,72,73,121
9593,2021-0647,59,62,3,0.951612903,A. thaliana,IP-Vaz-0,2017-211,9.2021,Spain,spain,42.26,-2.99,ESP,20degree_LD,NA,Monsanto,,Carlos Alonso-Blanco,CS78836,8.3,10.4,3.8,571.7,24.1,-2.8,26.9,9.8,16,16,1.5,742,80,40,18,214,140,140,198
9594,2021-0543,74,76,2,0.973684211,A. thaliana,IP-Vdm-0,2017-088,9.2021,Spain,spain,42.04,1.01,ESP,20degree_LD,NA,Monsanto,,Carlos Alonso-Blanco,CS78837,10.6,9.1,3.5,587,24.8,-0.7,25.5,12.5,3.4,18.3,3.4,800,91,44,22,248,149,217,149
9595,2021-0648,46,46,0,1,A. thaliana,IP-Vdt-0,2017-220,9.2021,Spain,admixed,40.89,-5.5,ESP,20degree_LD,NA,Monsanto,,Carlos Alonso-Blanco,CS78838,11.9,11.8,4,613,29.3,-0.1,29.4,7.9,19.9,20.2,4.5,412,49,11,34,137,55,56,116
9596,2021-0649,92,92,0,1,A. thaliana,IP-Ver-5,2017-229,9.2021,Spain,admixed,41.95,-7.45,ESP,20degree_LD,NA,Monsanto,,Carlos Alonso-Blanco,CS78841,12.7,10.1,3.9,545.2,27.4,1.6,25.8,6.5,19.8,19.8,5.9,963,125,17,47,372,81,81,371
9597,2021-0650,50,50,0,1,A. thaliana,IP-Vig-1,2017-209,9.2021,Spain,spain,42.31,-2.53,ESP,20degree_LD,NA,Monsanto,,Carlos Alonso-Blanco,CS78843,9.7,10.7,3.9,577.7,25.6,-1.8,27.4,11.4,17.4,17.4,2.7,672,74,37,18,196,130,130,177
9599,2021-0651,104,105,1,0.99047619,A. thaliana,IP-Vin-0,2017-222,9.2021,Spain,western_europe,42.8,-5.77,ESP,20degree_LD,NA,Monsanto,,Carlos Alonso-Blanco,CS78846,9.6,11.1,4,556,25.5,-1.9,27.4,6.3,16.9,16.9,2.7,709,92,34,29,252,123,123,199
9601,2021-0652,49,49,0,1,A. thaliana,IP-Voz-0,2017-208,9.2021,Spain,spain,41.85,-1.88,ESP,20degree_LD,NA,Monsanto,,Carlos Alonso-Blanco,CS78849,11.1,11,3.8,608.1,27.3,-1.3,28.6,13.2,19,19,3.6,539,67,29,22,169,104,117,132
9602,2021-0653,92,92,0,1,A. thaliana,IP-Vpa-1,2017-215,9.2021,Spain,spain,40.5,-3.96,ESP,20degree_LD,NA,Monsanto,,Carlos Alonso-Blanco,CS78850,12.5,10.3,3.5,651.9,29.3,0.3,29,8.3,21,21.2,4.5,457,54,13,33,151,60,61,127
9729,2021-0508,82,83,1,0.987951807,A. thaliana,Stiav-2,2016-967,9.2021,Central Europe,central_europe,48.46,18.9,SVK,20degree_LD,NA,Monsanto,,0,CS77280,7.2,9.7,3.1,740.1,23.1,-7.6,30.7,14.8,-1.2,16.3,-2.8,775,99,46,25,256,141,256,156
9739,2021-0733,76,76,0,1,A. thaliana,Toc-1,2017-265,9.2021,Central Europe,central_europe,46.01,22.33,ROU,20degree_LD,NA,Monsanto,,0,CS77370,9.7,9.7,3.1,756,25.7,-5.1,30.8,17.4,0.8,18.9,-0.5,669,99,37,33,250,116,237,130
9756,2021-0469,54,55,1,0.981818182,A. thaliana,Staro-2,2015-608,9.2021,Central Europe,central_europe,44.3,21.08,SRB,20degree_LD,NA,Monsanto,,0,CS77273,11.2,10.2,3.3,724.8,27.4,-3.3,30.7,18.5,3.1,20.1,1.4,680,83,43,22,229,134,204,147
9776,2021-0524,79,79,0,1,A. thaliana,Fell3-7,2017-082,9.2021,Central Europe,central_europe,48.43,8.79,GER,20degree_LD,NA,Monsanto,Felldorf,0,CS76857,8.7,9,3.3,641.2,23.2,-3.5,26.7,16.8,1.6,16.8,0.3,867,100,56,21,280,171,280,183
9778,2021-0515,85,85,0,1,A. thaliana,Bach-7,2017-083,9.2021,Central Europe,central_europe,48.41,8.84,GER,20degree_LD,NA,Monsanto,Near Starzach Wachendorf,0,CS76679,8.7,9,3.3,641.3,23.2,-3.4,26.6,16.8,1.6,16.8,0.3,833,100,51,23,278,156,278,168
9784,2021-0523,54,55,1,0.981818182,A. thaliana,Erg2-6,2017-107,9.2021,Central Europe,central_europe,48.5,8.8,GER,20degree_LD,NA,Monsanto,Ergenzingen,0,CS76845,8.5,8.9,3.3,641.3,23,-3.5,26.5,16.6,1.4,16.6,0.2,869,100,56,20,278,173,278,186
9795,2021-0597,70,72,2,0.972222222,A. thaliana,Wank-2,2017-110,9.2021,Central Europe,central_europe,48.5,9.11,GER,20degree_LD,NA,Monsanto,Wankheim,0,CS78852,8.7,8.7,3.3,637.3,23,-3.3,26.3,16.7,1.7,16.7,0.4,775,97,45,26,266,139,266,149
9804,2021-0561,66,68,2,0.970588235,A. thaliana,Obe1-15,2017-084,9.2021,Central Europe,central_europe,48.45,8.87,GER,20degree_LD,NA,Monsanto,Obernau,0,CS77139,8.7,9,3.3,641.3,23.2,-3.4,26.6,16.8,1.6,16.8,0.3,833,100,51,23,278,156,278,168
9807,2021-0564,75,75,0,1,A. thaliana,Schl-7,2017-113,9.2021,Central Europe,central_europe,48.6,9.22,GER,20degree_LD,NA,Monsanto,Schlaitdorf,0,CS77240,8.8,8.7,3.3,642.6,23.1,-3.2,26.3,16.9,1.7,16.9,0.4,735,95,41,29,259,127,259,135
9811,2021-0451,68,68,0,1,A. thaliana,Tu-NK-12,2015-617,9.2021,Central Europe,central_europe,48.52,9.05,GER,20degree_LD,NA,Monsanto,Tubingen (central),0,CS77395,8.7,8.7,3.3,637.3,23,-3.3,26.3,16.7,1.7,16.7,0.4,775,97,45,26,266,139,266,149
9819,2021-0452,69,70,1,0.985714286,A. thaliana,IP-Amu-0,2015-618,9.2021,Spain,spain,42.35,-3.03,ESP,20degree_LD,NA,Monsanto,Amunartia,Carlos Alonso-Blanco,CS76664,10.4,9.8,3.8,553,25.2,-0.3,25.5,7.2,17.8,17.8,3.7,661,69,34,19,193,125,125,178
9820,2021-0683,58,59,1,0.983050847,A. thaliana,IP-Are-0,2017-303,9.2021,Spain,spain,41,-4.71,ESP,20degree_LD,NA,Monsanto,Arevalo,Carlos Alonso-Blanco,CS76671,12,11.1,3.8,619.6,28.9,-0.2,29.1,14.1,20.1,20.3,4.4,386,49,12,32,122,57,61,96
9821,2021-0685,98,98,0,1,A. thaliana,IP-Aru-0,2017-304,9.2021,Spain,spain,41.81,2.49,ESP,20degree_LD,NA,Monsanto,Arbúcies,Xavier Picó,CS76674,12.6,7.1,3.1,541.8,25,2.6,22.4,17.4,6.2,19.8,6.2,839,98,47,20,253,173,202,173
9822,2021-0686,134,134,0,1,A. thaliana,IP-Aul-0,2017-305,9.2021,Spain,spain,40.52,-4.02,ESP,20degree_LD,NA,Monsanto,Aulencia,Carlos Alonso-Blanco,CS76675,11.9,10.4,3.5,645.8,28.8,-0.3,29.1,7.8,20.4,20.6,4.1,452,53,14,32,144,63,66,117
9824,2021-0480,58,58,0,1,A. thaliana,IP-Bes-5,2016-175,9.2021,Spain,admixed,42.91,-4.91,ESP,20degree_LD,NA,Monsanto,Besande,Carlos Alonso-Blanco,CS76702,8.1,10.1,3.9,516.5,22.8,-2.6,25.4,5.5,15,15,1.8,845,102,44,23,277,156,156,228
9825,2021-0688,60,61,1,0.983606557,A. thaliana,IP-Boa-0,2017-306,9.2021,Spain,spain,40.4,-3.88,ESP,20degree_LD,NA,Monsanto,Boadilla del Monte,Carlos Alonso-Blanco,CS76714,13.7,10.4,3.5,660.5,30.8,1.3,29.5,9.5,22.5,22.5,5.6,429,52,11,36,146,51,51,126
9826,2021-0689,59,59,0,1,A. thaliana,IP-Bor-0,2017-307,9.2021,Spain,western_europe,42.49,-6.71,ESP,20degree_LD,NA,Monsanto,Borrenes,Carlos Alonso-Blanco,CS76717,10.4,10.2,3.8,552.7,25.5,-0.7,26.2,4.2,17.8,17.8,3.7,841,110,24,39,314,99,99,298
9833,2021-0768,66,66,0,1,A. thaliana,IP-Cha-0,2015-395,9.2021,Western Europe,spain,40.38,-4.21,ESP,20degree_LD,NA,Monsanto,Chapinería,Carlos Alonso-Blanco,CS76764,13.1,10.6,3.5,652.2,30.3,0.6,29.7,8.9,21.6,21.9,5.1,401,48,11,34,130,53,54,104
9834,2021-0692,64,64,0,1,A. thaliana,IP-Cho-0,2017-309,9.2021,Spain,spain,40.51,-3.9,ESP,20degree_LD,NA,Monsanto,La Chopera de las Rozas,Carlos Alonso-Blanco,CS76768,12.5,10.3,3.5,651.9,29.3,0.3,29,8.3,21,21.2,4.5,457,54,13,33,151,60,61,127
9835,2021-0693,52,52,0,1,A. thaliana,IP-Cir-0,2017-310,9.2021,Spain,admixed,40.61,-6.57,ESP,20degree_LD,NA,Monsanto,Ciudad Rodrigo,Carlos Alonso-Blanco,CS76772,13,10.2,3.6,611,29.2,1.6,27.6,6.3,21.2,21.2,5.6,700,92,9,48,269,55,55,260
9836,2021-0769,69,69,0,1,A. thaliana,IP-Cod-0,2015-016,9.2021,Sweden,spain,41.25,-1.32,ESP,20degree_LD,NA,Monsanto,Codos,Carlos Alonso-Blanco,CS76777,10.9,10.1,3.7,609.1,25.6,-1.6,27.2,13.1,4.3,18.8,3.3,438,66,23,34,159,79,111,82
9838,2021-0695,57,57,0,1,A. thaliana,IP-Cot-0,2017-312,9.2021,Spain,admixed,41.83,-5.38,ESP,20degree_LD,NA,Monsanto,Cotanes del Monte,Carlos Alonso-Blanco,CS76784,12.1,11.7,3.9,603.9,29.2,-0.1,29.3,8.3,19.8,20.1,4.5,392,47,14,31,133,59,61,106
9839,2021-0454,83,83,0,1,A. thaliana,IP-Coy-0,2015-631,9.2021,Spain,admixed,40.44,-4.27,ESP,20degree_LD,NA,Monsanto,Colmenar del Arroyo,Carlos Alonso-Blanco,CS76785,13.1,10.6,3.5,652.2,30.3,0.6,29.7,8.9,21.6,21.9,5.1,401,48,11,34,130,53,54,104
9840,2021-0439,76,76,0,1,A. thaliana,IP-Dar-0,2016-463,9.2021,Spain,spain,41.13,-1.43,ESP,20degree_LD,NA,Monsanto,Daroca,Carlos Alonso-Blanco,CS76792,10.5,10.1,3.6,609.9,25.1,-2.2,27.3,12.8,3.9,18.5,2.9,443,67,22,36,163,77,114,81
9841,2021-0696,85,86,1,0.988372093,A. thaliana,IP-Ees-0,2017-313,9.2021,Spain,spain,40.59,-4.15,ESP,20degree_LD,NA,Monsanto,San Lorenzo del Escorial,Carlos Alonso-Blanco,CS76836,11.9,10.4,3.5,645.8,28.8,-0.3,29.1,7.8,20.4,20.6,4.1,452,53,14,32,144,63,66,117
9843,2021-0697,79,79,0,1,A. thaliana,IP-Elp-0,2017-314,9.2021,Spain,spain,40.53,-3.92,ESP,20degree_LD,NA,Monsanto,El Pinar de las Rozas,Carlos Alonso-Blanco,CS76840,12.5,10.3,3.5,651.9,29.3,0.3,29,8.3,21,21.2,4.5,457,54,13,33,151,60,61,127
9844,2021-0698,94,94,0,1,A. thaliana,IP-Esn-2,2017-315,9.2021,Spain,spain,42.27,0.19,ESP,20degree_LD,NA,Monsanto,Escanilla,Carlos Alonso-Blanco,CS76846,10.8,10.1,3.7,578.1,25.5,-1.1,26.6,12.9,3.5,18.3,3.5,688,78,40,18,207,140,166,140
9845,2021-0699,96,97,1,0.989690722,A. thaliana,IP-Evs-0,2017-316,9.2021,Spain,spain,40.48,-3.96,ESP,20degree_LD,NA,Monsanto,Ermita Virgen del Soto,Carlos Alonso-Blanco,CS76848,13.7,10.4,3.5,660.5,30.8,1.3,29.5,9.5,22.5,22.5,5.6,429,52,11,36,146,51,51,126
9846,2021-0700,64,64,0,1,A. thaliana,IP-Ezc-2,2017-317,9.2021,Spain,spain,42.31,-3.02,ESP,20degree_LD,NA,Monsanto,Ezcaray,Carlos Alonso-Blanco,CS76849,7.9,10.3,3.8,570,23.7,-3,26.7,9.4,15.6,15.6,1.1,752,81,41,18,217,141,141,200
9849,2021-0455,59,59,0,1,A. thaliana,IP-Gud-3,2015-639,9.2021,Spain,admixed,40.65,-4.11,ESP,20degree_LD,NA,Monsanto,Guadarrama,Carlos Alonso-Blanco,CS76895,11.9,10.4,3.5,645.8,28.8,-0.3,29.1,7.8,20.4,20.6,4.1,452,53,14,32,144,63,66,117
9850,2021-0456,76,76,0,1,A. thaliana,IP-Hec-0,2015-640,9.2021,Spain,spain,42.86,-0.7,ESP,20degree_LD,NA,Monsanto,Hecho,Carlos Alonso-Blanco,CS76917,5.2,9,3.8,523.9,18.5,-5.1,23.6,-0.1,12.2,12.2,-1.1,1190,120,72,13,332,248,248,312
9851,2021-0703,87,87,0,1,A. thaliana,IP-Hue-3,2017-299,9.2021,Spain,western_europe,42.96,-6.1,ESP,20degree_LD,NA,Monsanto,Huergas de Babia,Carlos Alonso-Blanco,CS76942,7,10.3,4,528.9,22,-3.5,25.5,4,14.1,14.1,0.7,1000,125,45,28,342,161,161,305
9852,2021-0704,66,67,1,0.985074627,A. thaliana,IP-Ini-0,2017-318,9.2021,Spain,spain,40.46,-3.75,ESP,20degree_LD,NA,Monsanto,Madrid,Carlos Alonso-Blanco,CS76945,13.8,10.3,3.4,663.6,30.9,1.4,29.5,9.5,22.6,22.6,5.6,444,56,11,37,155,50,50,135
9853,2021-0443,82,82,0,1,A. thaliana,IP-Lac-0,2015-643,9.2021,Western Europe,western_europe,43.33,-5.91,ESP,20degree_LD,NA,Monsanto,Las Caldas,Carlos Alonso-Blanco,CS76996,11.1,9.7,4.3,440.7,23.8,1.3,22.5,8.8,16.8,16.9,5.8,877,117,43,27,297,152,160,234
9855,2021-0708,54,54,0,1,A. thaliana,IP-Lam-0,2017-319,9.2021,Spain,spain,40.57,-3.89,ESP,20degree_LD,NA,Monsanto,Las Matas,Carlos Alonso-Blanco,CS77008,12.5,10.3,3.5,651.9,29.3,0.3,29,8.3,21,21.2,4.5,457,54,13,33,151,60,61,127
9856,2021-0709,47,47,0,1,A. thaliana,IP-Lch-0,2017-320,9.2021,Spain,spain,40.51,-4,ESP,20degree_LD,NA,Monsanto,La Chaparrita,Carlos Alonso-Blanco,CS77010,11.9,10.4,3.5,645.8,28.8,-0.3,29.1,7.8,20.4,20.6,4.1,452,53,14,32,144,63,66,117
9857,2021-0710,90,90,0,1,A. thaliana,IP-Leg-0,2017-321,9.2021,Spain,spain,40.33,-3.8,ESP,20degree_LD,NA,Monsanto,Leganes,Carlos Alonso-Blanco,CS77019,14.1,10.6,3.5,670.6,31.6,1.4,30.2,9.7,23,23,5.8,433,53,10,37,149,48,48,130
9858,2021-0771,78,78,0,1,A. thaliana,IP-Loz-0,2015-679,9.2021,Central Europe,admixed,40.98,-3.8,ESP,20degree_LD,NA,Monsanto,Lozoya,Carlos Alonso-Blanco,CS77051,9.4,10.5,3.7,625.5,26.2,-2.1,28.3,7.6,17.9,17.9,2.2,558,65,20,28,169,84,92,144
9859,2021-0772,94,94,0,1,A. thaliana,IP-Lro-0,2016-464,9.2021,Spain,spain,40.5,-3.88,ESP,20degree_LD,NA,Monsanto,Las Rozas,Carlos Alonso-Blanco,CS77054,12.5,10.3,3.5,651.9,29.3,0.3,29,8.3,21,21.2,4.5,457,54,13,33,151,60,61,127
9860,2021-0711,66,66,0,1,A. thaliana,IP-Lum-0,2017-324,9.2021,Spain,spain,42.24,-2.62,ESP,20degree_LD,NA,Monsanto,Lumbreras,Carlos Alonso-Blanco,CS77059,9.7,10.7,3.9,577.7,25.6,-1.8,27.4,11.4,17.4,17.4,2.7,672,74,37,18,196,130,130,177
9861,2021-0712,79,79,0,1,A. thaliana,IP-Mac-0,2017-325,9.2021,Spain,spain,40.72,-3.21,ESP,20degree_LD,NA,Monsanto,Marchamalo,Carlos Alonso-Blanco,CS77061,12.4,10.3,3.5,653.9,29.1,0.3,28.8,8.2,21.1,21.1,4.5,440,54,13,32,146,62,62,116
9864,2021-0714,60,61,1,0.983606557,A. thaliana,IP-Mat-0,2017-326,9.2021,Spain,spain,41.76,2.69,ESP,20degree_LD,NA,Monsanto,Martorel de la Selva,Xavier Picó,CS77074,15.5,6.9,3,542.5,27.5,5,22.5,16.6,22.5,22.6,8.8,726,109,30,30,245,133,161,159
9866,2021-0444,58,58,0,1,A. thaliana,IP-Mdd-0,2016-018,9.2021,Spain,spain,41.89,-2.79,ESP,20degree_LD,NA,Monsanto,Molinos de Duero,Carlos Alonso-Blanco,CS77076,8.7,11,3.8,595.6,25.5,-3,28.5,10.4,16.7,16.7,1.6,660,75,36,19,196,124,124,173
9867,2021-0715,69,69,0,1,A. thaliana,IP-Mie-1,2017-327,9.2021,Spain,spain,40.94,-3.22,ESP,20degree_LD,NA,Monsanto,Mierla,Xavier Picó,CS77083,11.6,10.5,3.6,647.8,28.3,-0.4,28.7,7.5,20.2,20.3,3.8,466,53,15,29,147,69,72,121
9868,2021-0716,57,57,0,1,A. thaliana,IP-Moe-0,2017-328,9.2021,Spain,spain,41.78,2.37,ESP,20degree_LD,NA,Monsanto,Montseny,Xavier Picó,CS77104,12.6,7.1,3.1,541.8,25,2.6,22.4,17.4,6.2,19.8,6.2,839,98,47,20,253,173,202,173
9870,2021-0507,69,69,0,1,A. thaliana,IP-Moz-0,2016-970,9.2021,Central Europe,spain,41.91,0.17,ESP,20degree_LD,NA,Monsanto,Monzón,Carlos Alonso-Blanco,CS77111,13.3,10.9,3.8,617.8,29,0.5,28.5,15.8,5.4,21.2,5.4,487,60,26,24,155,90,114,90
9874,2021-0717,43,44,1,0.977272727,A. thaliana,IP-Oja-0,2017-329,9.2021,Spain,spain,42.34,-3,ESP,20degree_LD,NA,Monsanto,Ojacastro,Carlos Alonso-Blanco,CS77143,10.4,9.8,3.8,553,25.2,-0.3,25.5,7.2,17.8,17.8,3.7,661,69,34,19,193,125,125,178
9876,2021-0773,55,55,0,1,A. thaliana,IP-Pad-0,2015-119,9.2021,Sweden,spain,41.34,0.99,ESP,20degree_LD,NA,Monsanto,Prades,Carlos Alonso-Blanco,CS77158,13.2,9.4,3.5,596.8,27.5,1.3,26.2,13.9,6.8,21,5.8,598,69,26,26,181,117,137,117
9877,2021-0490,68,68,0,1,A. thaliana,IP-Pdl-0,2016-210,9.2021,Spain,admixed,43.02,-5.6,ESP,20degree_LD,NA,Monsanto,Piedrafita la Mediana,Carlos Alonso-Blanco,CS77165,8.7,10.2,4.1,500.9,22.9,-1.8,24.7,6,15.3,15.3,2.6,895,114,45,26,304,160,164,247
9878,2021-0719,97,97,0,1,A. thaliana,IP-Pee-0,2017-331,9.2021,Spain,spain,40.78,-3.62,ESP,20degree_LD,NA,Monsanto,Pedrezuela,Carlos Alonso-Blanco,CS77167,12.7,10.3,3.5,652.7,29.5,0.6,28.9,8.5,21.4,21.4,4.8,451,57,12,34,153,59,59,126
9881,2021-0721,59,59,0,1,A. thaliana,IP-Pie-0,2017-332,9.2021,Spain,admixed,40.46,-5.32,ESP,20degree_LD,NA,Monsanto,Piedrahita,Carlos Alonso-Blanco,CS77176,8.5,11.1,3.7,619.6,26.2,-3.2,29.4,4.7,16.9,17,1.4,625,74,19,33,197,80,85,176
9882,2021-0464,48,48,0,1,A. thaliana,IP-Pil-0,2015-662,9.2021,Spain,spain,40.46,-4.26,ESP,20degree_LD,NA,Monsanto,Pico Almenara,Carlos Alonso-Blanco,CS77178,13.1,10.6,3.5,652.2,30.3,0.6,29.7,8.9,21.6,21.9,5.1,401,48,11,34,130,53,54,104
9883,2021-0722,55,55,0,1,A. thaliana,IP-Piq-0,2017-300,9.2021,Spain,spain,42.1,-2.56,ESP,20degree_LD,NA,Monsanto,Piqueras,Carlos Alonso-Blanco,CS77179,7.8,10.9,3.9,582.7,24.2,-3.7,27.9,9.4,15.7,15.7,0.9,756,84,42,18,222,145,145,199
9885,2021-0491,82,82,0,1,A. thaliana,IP-Prd-0,2016-216,9.2021,Spain,spain,41.14,-3.68,ESP,20degree_LD,NA,Monsanto,Prádena,Carlos Alonso-Blanco,CS77189,9.4,10.5,3.7,621.8,26.1,-2.2,28.3,11,17.8,17.8,2.1,560,66,21,27,171,86,95,143
9886,2021-0723,57,57,0,1,A. thaliana,IP-Pru-0,2017-301,9.2021,Spain,spain,42.38,1.73,ESP,20degree_LD,NA,Monsanto,Prullans,Xavier Picó,CS77190,6,7.6,3.3,546.1,19.1,-3.7,22.8,7.1,0.2,13.4,-0.3,1129,122,76,14,322,243,269,247
9888,2021-0725,86,86,0,1,A. thaliana,IP-Pva-1,2017-333,9.2021,Spain,spain,40.93,-3.31,ESP,20degree_LD,NA,Monsanto,Puebla de Valles,Xavier Picó,CS77197,11.6,10.5,3.6,647.8,28.3,-0.4,28.7,7.5,20.2,20.3,3.8,466,53,15,29,147,69,72,121
9890,2021-0726,69,69,0,1,A. thaliana,IP-Rib-1,2017-334,9.2021,Spain,admixed,43.16,-5.07,ESP,20degree_LD,NA,Monsanto,Ribota,Carlos Alonso-Blanco,CS77217,8.1,9.9,4,501.8,22.3,-2.3,24.6,5.6,14.7,14.8,2.1,902,111,47,24,299,167,169,245
9891,2021-0494,56,56,0,1,A. thaliana,IP-Sal-0,2016-971,9.2021,Spain,spain,41.93,2.92,ESP,20degree_LD,NA,Monsanto,Santa Pellaia,Xavier Picó,CS77230,14.9,7.1,3.1,535.8,26.9,4.4,22.5,16,21.9,22,8.4,731,106,32,28,238,140,160,159
9892,2021-0727,78,79,1,0.987341772,A. thaliana,IP-Sam-0,2017-335,9.2021,Spain,admixed,42.68,-6.96,ESP,20degree_LD,NA,Monsanto,Sampron,Carlos Alonso-Blanco,CS77231,9.2,9.7,3.9,514.1,23.5,-1.1,24.6,3.5,16,16,3,1030,133,34,36,377,131,131,355
9895,2021-0728,92,92,0,1,A. thaliana,IP-Sfb-6,2017-336,9.2021,Spain,spain,41.78,2.57,ESP,20degree_LD,NA,Monsanto,Sant Feliu de Buixalleu,Xavier Picó,CS77248,14.8,7,3.1,545.7,26.9,4.4,22.5,19.6,21.9,22,8.1,783,103,38,24,246,160,181,169
9897,2021-0729,65,67,2,0.970149254,A. thaliana,IP-Smt-1,2017-337,9.2021,Spain,admixed,40.95,-5.63,ESP,20degree_LD,NA,Monsanto,Santa Marta de Tormes,Xavier Picó,CS77257,11.9,11.8,4,613,29.3,-0.1,29.4,7.9,19.9,20.2,4.5,412,49,11,34,137,55,56,116
9898,2021-0468,87,87,0,1,A. thaliana,IP-Som-0,2015-672,9.2021,Spain,spain,41.14,-3.58,ESP,20degree_LD,NA,Monsanto,Somosierra,Carlos Alonso-Blanco,CS77259,9.3,10.6,3.7,624.4,26.1,-2.3,28.4,10.9,17.7,17.7,2,569,66,22,26,172,89,98,147
9899,2021-0732,94,94,0,1,A. thaliana,IP-Tau-0,2017-338,9.2021,Spain,spain,42.54,0.84,ESP,20degree_LD,NA,Monsanto,Taüll,Xavier Picó,CS77342,2.5,7.3,3.2,536.4,15.2,-7.4,22.6,3.4,9.7,9.7,-3.7,1352,142,90,12,381,304,304,318
9901,2021-0499,86,86,0,1,A. thaliana,IP-Urd-1,2016-226,9.2021,Spain,spain,42.27,-2.98,ESP,20degree_LD,NA,Monsanto,Urdanta,Carlos Alonso-Blanco,CS78824,8.3,10.4,3.8,571.7,24.1,-2.8,26.9,9.8,16,16,1.5,742,80,40,18,214,140,140,198
9902,2021-0734,91,92,1,0.989130435,A. thaliana,IP-Usa-0,2017-339,9.2021,Spain,spain,40.71,-3.24,ESP,20degree_LD,NA,Monsanto,Usanos,Carlos Alonso-Blanco,CS78825,12.4,10.3,3.5,653.9,29.1,0.3,28.8,8.2,21.1,21.1,4.5,440,54,13,32,146,62,62,116
9903,2021-0478,96,96,0,1,A. thaliana,IP-Val-0,2015-676,9.2021,Spain,spain,42.31,-3.1,ESP,20degree_LD,NA,Monsanto,Valgañon,Carlos Alonso-Blanco,CS78829,7.9,10.3,3.8,570,23.7,-3,26.7,9.4,15.6,15.6,1.1,752,81,41,18,217,141,141,200
9904,2021-0735,54,54,0,1,A. thaliana,IP-Vas-0,2017-340,9.2021,Spain,spain,40.95,-3.31,ESP,20degree_LD,NA,Monsanto,Valdesotos,Carlos Alonso-Blanco,CS78833,11.6,10.5,3.6,647.8,28.3,-0.4,28.7,7.5,20.2,20.3,3.8,466,53,15,29,147,69,72,121
9906,2021-0713,43,43,0,,A. thaliana,IP-Mah-6,2017-341,9.2021,Spain,admixed,40,4.25,ESP,20degree_LD,NA,Monsanto,Mahon,Xavier Picó,CS77063,16.8,7.2,3.4,500.4,28.4,7.4,21,14.9,23.2,23.6,11,597,98,5,53,256,45,89,184
9908,2021-0805,76,77,1,0.987012987,A. thaliana,ESP-1-11,"9908 (Almudena Molla Morales, Austria)",9.2021,Western Europe,western_europe,50.72,3.47,FRA,20degree_LD,NA,Monsanto,,0,CS76847,10.1,7.2,3.3,533,21.9,0.2,21.7,7.2,6.2,16.7,3.2,723,72,45,13,205,148,195,171
991,2021-0479,94,95,1,0.989473684,A. thaliana,Ale-Stenar-41-1,2016-028,9.2021,Sweden,south_sweden,55.38,14.05,SWE,20degree_LD,NA,GMI,Ales Stenar,Jon Ågren,CS76651,7.9,5.5,2.4,610.8,20,-2.2,22.2,15.4,2.4,15.9,0.5,585,63,32,21,180,103,168,136
9910,2021-0806,58,58,0,1,A. thaliana,BRI-2,"9910 (Almudena Molla Morales, Austria)",9.2021,Western Europe,western_europe,50.68,3.52,FRA,20degree_LD,NA,Monsanto,,0,CS76725,10,7.3,3.3,538.1,21.8,0,21.8,7.1,6.1,16.7,3,754,74,48,12,213,158,201,182
9912,2021-0807,77,77,0,1,A. thaliana,CIRY-13,"9912 (Almudena Molla Morales, Austria)",9.2021,Western Europe,western_europe,46.67,4.55,FRA,20degree_LD,NA,Monsanto,,0,CS76773,10.4,8.2,3.2,620.3,24.2,-1.2,25.4,16.6,6.5,18.2,2.2,799,81,54,14,217,164,217,183
9917,2021-0808,105,105,0,1,A. thaliana,RAD-21,"9917 (Almudena Molla Morales, Austria)",9.2021,Western Europe,western_europe,46.69,4.34,FRA,20degree_LD,NA,Monsanto,,0,CS77200,10.4,8.2,3.2,615.6,24.1,-1,25.1,18.2,6.6,18.2,2.3,789,82,53,15,218,161,218,180
9918,2021-0809,68,68,0,1,A. thaliana,SAUL-24,"9918 (Almudena Molla Morales, Austria)",9.2021,Western Europe,western_europe,47.43,5.21,FRA,20degree_LD,NA,Monsanto,,0,CS77237,10.5,8.8,3.3,629.9,24.7,-1.3,26,16.8,6.6,18.4,2.1,796,77,52,13,211,167,211,196
992,2021-0767,87,88,1,0.988636364,A. thaliana,Ale-Stenar-44-4,2015-017,9.2021,Sweden,south_sweden,55.38,14.05,SWE,20degree_LD,NA,GMI,Ales Stenar,Jon Ågren,CS76652,7.9,5.5,2.4,610.8,20,-2.2,22.2,15.4,2.4,15.9,0.5,585,63,32,21,180,103,168,136
9925,2021-0810,62,62,0,1,A. thaliana,RUM-20,"9925 (Almudena Molla Morales, Austria)",9.2021,Western Europe,western_europe,48.91,4.52,FRA,20degree_LD,NA,Monsanto,,0,CS77226,9.9,9.1,3.6,582.1,23.6,-1.3,24.9,17.2,6.1,17.2,2.3,684,74,44,14,196,140,196,171
9926,2021-0811,53,53,0,1,A. thaliana,TRE-1,"9926 (Almudena Molla Morales, Austria)",9.2021,Western Europe,western_europe,48.86,4.1,FRA,20degree_LD,NA,Monsanto,,0,CS77385,10.1,9.3,3.7,577,24,-1,25,17.4,6.3,17.4,2.6,626,67,39,14,178,127,178,153
9927,2021-0684,60,65,5,0.923076923,A. thaliana,ARR-17,2017-271,9.2021,Western Europe,western_europe,44.05,3.69,FRA,20degree_LD,NA,Monsanto,,0,CS76673,11.1,9.9,3.7,585.2,26,-0.6,26.6,11.9,18.7,18.7,3.8,762,87,40,18,229,161,161,181
9928,2021-0812,66,66,0,1,A. thaliana,BEZ-9,"9928 (Almudena Molla Morales, Austria)",9.2021,Western Europe,western_europe,44.12,3.77,FRA,20degree_LD,NA,Monsanto,,0,CS76703,11.1,9.9,3.7,585.2,26,-0.6,26.6,11.9,18.7,18.7,3.8,762,87,40,18,229,161,161,181
9931,2021-0446,81,81,0,1,A. thaliana,MOU2-25,2015-681,9.2021,Western Europe,western_europe,43.98,4.31,FRA,20degree_LD,NA,NA,NA,NA,NA,13.4,10.1,3.6,605.1,28.8,1.1,27.7,14,21.4,21.4,5.8,748,108,28,30,257,123,123,190
9935,2021-0813,75,75,0,1,A. thaliana,BAU-15,"9935 (Almudena Molla Morales, Austria)",9.2021,Western Europe,western_europe,50.6,2.93,FRA,20degree_LD,NA,Monsanto,,0,CS76694,10.1,7.3,3.3,520.7,22,0.5,21.5,11,6.3,16.6,3.4,665,70,42,14,194,133,176,153
9937,2021-0814,74,76,2,0.973684211,A. thaliana,CATS-6,"9937 (Almudena Molla Morales, Austria)",9.2021,Western Europe,western_europe,50.79,2.69,FRA,20degree_LD,NA,Monsanto,,0,CS76760,10.1,6.8,3.2,511.8,21.4,0.7,20.7,11.2,6.2,16.5,3.5,678,75,42,16,205,134,181,156
9938,2021-0598,68,68,0,1,A. thaliana,WAV-8,2017-086,9.2021,Western Europe,western_europe,50.65,2.99,FRA,20degree_LD,NA,Monsanto,,0,CS78854,10.1,7.3,3.3,520.7,22,0.5,21.5,11,6.3,16.6,3.4,665,70,42,14,194,133,176,153
9938,2021-0815,116,116,0,1,A. thaliana,WAV-8,"9938 (Almudena Molla Morales, Austria)",9.2021,Western Europe,western_europe,50.65,2.99,FRA,20degree_LD,NA,Monsanto,,0,CS78854,10.1,7.3,3.3,520.7,22,0.5,21.5,11,6.3,16.6,3.4,665,70,42,14,194,133,176,153
9942,2021-0603,52,52,0,1,A. thaliana,Agu-1,2017-204,9.2021,Spain,spain,41.32,-1.34,ESP,20degree_LD,NA,MPI,,,CS76409,10.6,10.3,3.7,611.2,25.5,-2,27.5,12.9,4,18.6,3,450,67,24,33,162,83,112,87
9949,2021-0660,83,83,0,1,A. thaliana,Qui-0,2017-227,9.2021,Spain,western_europe,42.69,-6.93,ESP,20degree_LD,NA,MPI,,,CS76417,9.2,9.7,3.9,514.1,23.5,-1.1,24.6,3.5,16,16,3,1030,133,34,36,377,131,131,355
9950,2021-0679,42,42,0,1,A. thaliana,Vie-0,2017-233,9.2021,Spain,spain,42.63,0.76,ESP,20degree_LD,NA,MPI,,,CS76418,3.3,7.6,3.3,538.2,16.2,-6.6,22.8,4.4,10.6,10.6,-2.9,1294,137,86,13,369,292,292,301
997,2021-0512,57,57,0,1,A. thaliana,Ale-Stenar-56-14,2017-101,9.2021,Sweden,south_sweden,55.38,14.05,SWE,20degree_LD,NA,GMI,Ales Stenar,Jon Ågren,CS76653,7.9,5.5,2.4,610.8,20,-2.2,22.2,15.4,2.4,15.9,0.5,585,63,32,21,180,103,168,136